PatientIDs,CTmax,CTmin,PTmax,PTmin,CTSizeX,CTSizeY,CTSizeZ,PTSizeX,PTSizeY,PTSizeZ,GTSizeX,GTSizeY,GTSizeZ,CTSpacingX,CTSpacingY,CTSpacingZ,PTSpacingX,PTSpacingY,PTSpacingZ,GTSpacingX,GTSpacingY,GTSpacingZ
CHUM-002,868.96533,-3024.0,16.68071,0.0,128,128,91,128,128,91,128,128,91,3.515625,3.515625,3.2702222,3.515625,3.515625,3.2702222,3.515625,3.515625,3.2702222
CHUM-006,794.1692,-1000.0,6.081012,0.0,144,144,87,144,144,87,144,144,87,4.0,4.0,4.0,4.0,4.0,4.0,4.0,4.0,4.0
CHUM-007,1030.0626,-1024.0,11.08188,0.0,144,144,87,144,144,87,144,144,87,4.0,4.0,4.0,4.0,4.0,4.0,4.0,4.0,4.0
CHUM-008,769.5343,-1024.0,13.387543,0.0,144,144,87,144,144,87,144,144,87,4.0,4.0,4.0,4.0,4.0,4.0,4.0,4.0,4.0
CHUM-010,859.4343,-1024.0,1.1985267,0.0,144,144,87,144,144,87,144,144,87,4.0,4.0,3.9999998,4.0,4.0,3.9999998,4.0,4.0,3.9999998
CHUM-011,882.6283,-1024.0,15.036657,0.0,144,144,87,144,144,87,144,144,87,4.0,4.0,3.9999998,4.0,4.0,3.9999998,4.0,4.0,3.9999998
CHUM-012,1373.7194,-1024.0,13.465934,0.0,144,144,87,144,144,87,144,144,87,4.0,4.0,4.0,4.0,4.0,4.0,4.0,4.0,4.0
CHUM-014,1034.8257,-1024.0,14.060075,0.0,144,144,87,144,144,87,144,144,87,4.0,4.0,3.9999998,4.0,4.0,3.9999998,4.0,4.0,3.9999998
CHUM-015,977.58075,-1024.0,12.115977,0.0,144,144,87,144,144,87,144,144,87,4.0,4.0,4.0,4.0,4.0,4.0,4.0,4.0,4.0
CHUM-016,863.60254,-1024.0,13.234973,0.0,144,144,87,144,144,87,144,144,87,4.0,4.0,4.0,4.0,4.0,4.0,4.0,4.0,4.0
CHUM-018,798.95337,-3024.0,9.997686,0.0,128,128,119,128,128,119,128,128,119,3.515625,3.515625,3.269661,3.515625,3.515625,3.269661,3.515625,3.515625,3.269661
CHUM-019,1223.256,-1024.0,12.355359,0.0,144,144,87,144,144,87,144,144,87,4.0,4.0,4.0,4.0,4.0,4.0,4.0,4.0,4.0
CHUM-021,1569.7003,-3024.0,14.86556,0.0,128,128,119,128,128,119,128,128,119,3.515625,3.515625,3.269661,3.515625,3.515625,3.269661,3.515625,3.515625,3.269661
CHUM-022,695.7977,-1024.0,8.73209,0.0,144,144,87,144,144,87,144,144,87,4.0,4.0,4.0,4.0,4.0,4.0,4.0,4.0,4.0
CHUM-023,730.9237,-1024.0,11.878808,0.0,144,144,87,144,144,87,144,144,87,4.0,4.0,4.0,4.0,4.0,4.0,4.0,4.0,4.0
CHUM-024,1057.8182,-1024.0,10.911311,0.0,144,144,87,144,144,87,144,144,87,4.0,4.0,4.0,4.0,4.0,4.0,4.0,4.0,4.0
CHUM-027,721.7587,-1024.0,14.451144,0.0,144,144,66,144,144,66,144,144,66,4.0,4.0,4.0,4.0,4.0,4.0,4.0,4.0,4.0
CHUM-029,804.6907,-1024.0,12.040879,0.0,144,144,87,144,144,87,144,144,87,4.0,4.0,4.0000005,4.0,4.0,4.0000005,4.0,4.0,4.0000005
CHUM-030,891.41925,-1024.0,14.845296,0.0,144,144,87,144,144,87,144,144,87,4.0,4.0,3.9999998,4.0,4.0,3.9999998,4.0,4.0,3.9999998
CHUM-032,1104.8553,-1000.0,23.422699,0.0,128,128,119,128,128,119,128,128,119,3.515625,3.515625,3.269661,3.515625,3.515625,3.269661,3.515625,3.515625,3.269661
CHUM-033,2113.1829,-1000.0,19.351347,0.0,128,128,119,128,128,119,128,128,119,3.515625,3.515625,3.269661,3.515625,3.515625,3.269661,3.515625,3.515625,3.269661
CHUM-034,861.12604,-1024.0,15.4964,0.0,144,144,87,144,144,87,144,144,87,4.0,4.0,3.9999998,4.0,4.0,3.9999998,4.0,4.0,3.9999998
CHUM-035,1176.0837,-1024.0,32.96539,0.0,128,128,263,128,128,263,128,128,263,5.46875,5.46875,3.2699237,5.46875,5.46875,3.2699237,5.46875,5.46875,3.2699237
CHUM-036,891.2705,-1024.0,16.604387,0.0,144,144,87,144,144,87,144,144,87,4.0,4.0,4.0,4.0,4.0,4.0,4.0,4.0,4.0
CHUM-037,972.51117,-1024.0,8.911596,0.0,144,144,87,144,144,87,144,144,87,4.0,4.0,4.0,4.0,4.0,4.0,4.0,4.0,4.0
CHUM-038,1092.2852,-1024.0,11.490048,0.0,144,144,87,144,144,87,144,144,87,4.0,4.0,4.0,4.0,4.0,4.0,4.0,4.0,4.0
CHUM-040,1055.1759,-1024.0,49.418045,0.0,128,128,263,128,128,263,128,128,263,5.46875,5.46875,3.2699237,5.46875,5.46875,3.2699237,5.46875,5.46875,3.2699237
CHUM-043,1050.1686,-1024.0,6.010728,0.0,144,144,87,144,144,87,144,144,87,4.0,4.0,4.0,4.0,4.0,4.0,4.0,4.0,4.0
CHUM-044,990.7264,-1024.0,17.603409,0.0,144,144,66,144,144,66,144,144,66,4.0,4.0,3.9999998,4.0,4.0,3.9999998,4.0,4.0,3.9999998
CHUM-045,1042.1306,-1024.0,10.010075,0.0,144,144,87,144,144,87,144,144,87,4.0,4.0,3.9999998,4.0,4.0,3.9999998,4.0,4.0,3.9999998
CHUM-046,666.90283,-1024.0,8.575506,0.0,144,144,84,144,144,84,144,144,84,4.0,4.0,4.0,4.0,4.0,4.0,4.0,4.0,4.0
CHUM-047,778.57324,-1024.0,12.268817,0.0,144,144,66,144,144,66,144,144,66,4.0,4.0,4.0,4.0,4.0,4.0,4.0,4.0,4.0
CHUM-048,664.90356,-1024.0,11.735716,0.0,144,144,87,144,144,87,144,144,87,4.0,4.0,4.0,4.0,4.0,4.0,4.0,4.0,4.0
CHUM-049,947.6383,-1024.0,9.651911,0.0,144,144,87,144,144,87,144,144,87,4.0,4.0,4.0,4.0,4.0,4.0,4.0,4.0,4.0
CHUM-050,1064.7659,-1024.0,16.034628,0.0,144,144,70,144,144,70,144,144,70,4.0,4.0,4.057971,4.0,4.0,4.057971,4.0,4.0,4.057971
CHUM-051,1463.13,-1000.0,31.244259,0.0,128,128,119,128,128,119,128,128,119,3.515625,3.515625,3.269661,3.515625,3.515625,3.269661,3.515625,3.515625,3.269661
CHUM-054,871.57166,-1024.0,20.114351,0.0,144,144,129,144,144,129,144,144,129,4.0,4.0,4.0,4.0,4.0,4.0,4.0,4.0,4.0
CHUM-055,1145.0962,-1024.0,15.202663,0.0,144,144,87,144,144,87,144,144,87,4.0,4.0,3.9999998,4.0,4.0,3.9999998,4.0,4.0,3.9999998
CHUM-056,1238.1117,-1024.0,10.201904,0.0,144,144,87,144,144,87,144,144,87,4.0,4.0,4.0,4.0,4.0,4.0,4.0,4.0,4.0
CHUM-057,1067.729,-1024.0,10.955916,0.0,144,144,87,144,144,87,144,144,87,4.0,4.0,4.0,4.0,4.0,4.0,4.0,4.0,4.0
CHUM-058,820.98236,-1024.0,14.338734,0.0,144,144,66,144,144,66,144,144,66,4.0,4.0,4.0,4.0,4.0,4.0,4.0,4.0,4.0
CHUM-061,1016.11914,-1000.0,14.105018,0.0,128,128,119,128,128,119,128,128,119,3.515625,3.515625,3.269661,3.515625,3.515625,3.269661,3.515625,3.515625,3.269661
CHUM-062,947.73706,-1024.0,14.432579,0.0,144,144,87,144,144,87,144,144,87,4.0,4.0,4.0,4.0,4.0,4.0,4.0,4.0,4.0
CHUM-063,1254.4227,-3024.0,16.11988,0.0,128,128,119,128,128,119,128,128,119,3.515625,3.515625,3.269661,3.515625,3.515625,3.269661,3.515625,3.515625,3.269661
CHUM-065,831.94684,-3024.0,92.90581,0.0,128,128,263,128,128,263,128,128,263,5.46875,5.46875,3.2699237,5.46875,5.46875,3.2699237,5.46875,5.46875,3.2699237
CHUP-000,1234.327,-1024.0,25.007551,0.0,200,200,419,200,200,419,200,200,419,4.07283,4.07283,2.0270023,4.07283,4.07283,2.0270023,4.07283,4.07283,2.0270023
CHUP-001,1301.0784,-1024.0,57.09178,0.0,200,200,419,200,200,419,200,200,419,4.07283,4.07283,2.027,4.07283,4.07283,2.027,4.07283,4.07283,2.027
CHUP-002,1428.4305,-1024.0,175.67287,0.0,200,200,481,200,200,481,200,200,481,4.07283,4.07283,2.027,4.07283,4.07283,2.027,4.07283,4.07283,2.027
CHUP-003,849.58826,-1024.0,14.470888,0.0,200,200,481,200,200,481,200,200,481,4.07283,4.07283,2.027,4.07283,4.07283,2.027,4.07283,4.07283,2.027
CHUP-004,1360.1666,-1024.0,129.76375,0.0,200,200,481,200,200,481,200,200,481,4.07283,4.07283,2.027,4.07283,4.07283,2.027,4.07283,4.07283,2.027
CHUP-005,1230.6705,-1024.0,83.34156,0.0,200,200,481,200,200,481,200,200,481,4.07283,4.07283,2.027,4.07283,4.07283,2.027,4.07283,4.07283,2.027
CHUP-006,1859.0616,-1024.0,61.656155,0.0,200,200,419,200,200,419,200,200,419,4.07283,4.07283,2.027,4.07283,4.07283,2.027,4.07283,4.07283,2.027
CHUP-007,2571.5403,-1024.0,122.31868,0.0,200,200,419,200,200,419,200,200,419,4.07283,4.07283,2.027,4.07283,4.07283,2.027,4.07283,4.07283,2.027
CHUP-008,875.2413,-1024.0,50.612877,0.0,200,200,543,200,200,543,200,200,543,4.07283,4.07283,2.027,4.07283,4.07283,2.027,4.07283,4.07283,2.027
CHUP-010,1283.9531,-1024.0,13.345893,0.0,200,200,481,200,200,481,200,200,481,4.07283,4.07283,2.0270061,4.07283,4.07283,2.0270061,4.07283,4.07283,2.0270061
CHUP-011,1046.032,-1024.0,74.08924,0.0,200,200,419,200,200,419,200,200,419,4.07283,4.07283,2.027,4.07283,4.07283,2.027,4.07283,4.07283,2.027
CHUP-012,762.30023,-1024.0,51.332253,0.0,200,200,481,200,200,481,200,200,481,4.07283,4.07283,2.0270061,4.07283,4.07283,2.0270061,4.07283,4.07283,2.0270061
CHUP-016,1238.0813,-1024.0,78.12784,0.0,200,200,419,200,200,419,200,200,419,4.07283,4.07283,2.027,4.07283,4.07283,2.027,4.07283,4.07283,2.027
CHUP-017,1229.7488,-1024.0,43.039852,0.0,200,200,481,200,200,481,200,200,481,4.07283,4.07283,2.0269897,4.07283,4.07283,2.0269897,4.07283,4.07283,2.0269897
CHUP-018,2498.9397,-1024.0,28.047796,0.0,200,200,419,200,200,419,200,200,419,4.07283,4.07283,2.0270095,4.07283,4.07283,2.0270095,4.07283,4.07283,2.0270095
CHUP-019,730.0936,-1024.0,51.989285,0.0,200,200,419,200,200,419,200,200,419,4.07283,4.07283,2.027,4.07283,4.07283,2.027,4.07283,4.07283,2.027
CHUP-020,1499.147,-1024.0,167.7238,0.0,200,200,481,200,200,481,200,200,481,4.07283,4.07283,2.027,4.07283,4.07283,2.027,4.07283,4.07283,2.027
CHUP-022,1201.1884,-1024.0,83.017715,0.0,200,200,481,200,200,481,200,200,481,4.07283,4.07283,2.027,4.07283,4.07283,2.027,4.07283,4.07283,2.027
CHUP-023,813.09644,-1024.0,44.71493,0.0,200,200,481,200,200,481,200,200,481,4.07283,4.07283,2.027,4.07283,4.07283,2.027,4.07283,4.07283,2.027
CHUP-024,1094.542,-1024.0,163.1736,0.0,200,200,481,200,200,481,200,200,481,4.07283,4.07283,2.026996,4.07283,4.07283,2.026996,4.07283,4.07283,2.026996
CHUP-025,3071.0,-1024.0,53.54902,0.0,200,200,481,200,200,481,200,200,481,4.07283,4.07283,2.0270083,4.07283,4.07283,2.0270083,4.07283,4.07283,2.0270083
CHUP-027,959.0084,-1024.0,43.537106,0.0,200,200,543,200,200,543,200,200,543,4.07283,4.07283,2.027,4.07283,4.07283,2.027,4.07283,4.07283,2.027
CHUP-028,938.9027,-1024.0,41.359573,0.0,200,200,419,200,200,419,200,200,419,4.07283,4.07283,2.0269904,4.07283,4.07283,2.0269904,4.07283,4.07283,2.0269904
CHUP-029,1494.9451,-1024.0,106.28914,0.0,200,200,419,200,200,419,200,200,419,4.07283,4.07283,2.027,4.07283,4.07283,2.027,4.07283,4.07283,2.027
CHUP-030,1353.7471,-1024.0,53.14185,0.0,200,200,543,200,200,543,200,200,543,4.07283,4.07283,2.027,4.07283,4.07283,2.027,4.07283,4.07283,2.027
CHUP-032,1843.5143,-1024.0,27.050856,0.0,200,200,419,200,200,419,200,200,419,4.07283,4.07283,2.0269928,4.07283,4.07283,2.0269928,4.07283,4.07283,2.0269928
CHUP-033,2146.3037,-1024.0,95.51495,0.0,200,200,481,200,200,481,200,200,481,4.07283,4.07283,2.027,4.07283,4.07283,2.027,4.07283,4.07283,2.027
CHUP-034,898.28845,-1024.0,45.028217,0.0,200,200,419,200,200,419,200,200,419,4.07283,4.07283,2.0269928,4.07283,4.07283,2.0269928,4.07283,4.07283,2.0269928
CHUP-035,1414.1588,-1024.0,70.447174,0.0,200,200,481,200,200,481,200,200,481,4.07283,4.07283,2.027,4.07283,4.07283,2.027,4.07283,4.07283,2.027
CHUP-036,1228.1049,-1024.0,22.895699,0.0,200,200,419,200,200,419,200,200,419,4.07283,4.07283,2.027,4.07283,4.07283,2.027,4.07283,4.07283,2.027
CHUP-039,1052.9423,-1024.0,139.4402,0.0,200,200,419,200,200,419,200,200,419,4.07283,4.07283,2.027,4.07283,4.07283,2.027,4.07283,4.07283,2.027
CHUP-040,1269.3783,-1024.0,37.02627,0.0,200,200,419,200,200,419,200,200,419,4.07283,4.07283,2.027,4.07283,4.07283,2.027,4.07283,4.07283,2.027
CHUP-041,982.45166,-1024.0,22.861935,0.0,200,200,481,200,200,481,200,200,481,4.07283,4.07283,2.0270083,4.07283,4.07283,2.0270083,4.07283,4.07283,2.0270083
CHUP-042,1725.6205,-1024.0,65.0369,0.0,200,200,481,200,200,481,200,200,481,4.07283,4.07283,2.027,4.07283,4.07283,2.027,4.07283,4.07283,2.027
CHUP-043,1216.6171,-1024.0,23.670084,0.0,200,200,481,200,200,481,200,200,481,4.07283,4.07283,2.027,4.07283,4.07283,2.027,4.07283,4.07283,2.027
CHUP-044,3070.7737,-1024.0,104.64448,0.0,200,200,481,200,200,481,200,200,481,4.07283,4.07283,2.027,4.07283,4.07283,2.027,4.07283,4.07283,2.027
CHUP-046,1507.047,-1024.0,48.197475,0.0,200,200,481,200,200,481,200,200,481,4.07283,4.07283,2.027,4.07283,4.07283,2.027,4.07283,4.07283,2.027
CHUP-048,1306.5138,-1024.0,75.7325,0.0,200,200,419,200,200,419,200,200,419,4.07283,4.07283,2.027,4.07283,4.07283,2.027,4.07283,4.07283,2.027
CHUP-050,981.5419,-1024.0,64.638855,0.0,200,200,481,200,200,481,200,200,481,4.07283,4.07283,2.027,4.07283,4.07283,2.027,4.07283,4.07283,2.027
CHUP-053,1098.1663,-1024.0,22.050556,0.0,200,200,419,200,200,419,200,200,419,4.07283,4.07283,2.0270095,4.07283,4.07283,2.0270095,4.07283,4.07283,2.0270095
CHUP-054,1280.5386,-1024.0,49.111656,0.0,200,200,419,200,200,419,200,200,419,4.07283,4.07283,2.027,4.07283,4.07283,2.027,4.07283,4.07283,2.027
CHUP-055,1153.197,-1024.0,14.443047,0.0,200,200,419,200,200,419,200,200,419,4.07283,4.07283,2.027,4.07283,4.07283,2.027,4.07283,4.07283,2.027
CHUP-056,1266.1051,-1024.0,93.76652,0.0,200,200,481,200,200,481,200,200,481,4.07283,4.07283,2.027,4.07283,4.07283,2.027,4.07283,4.07283,2.027
CHUP-057,1317.6741,-1024.0,53.377663,0.0,200,200,481,200,200,481,200,200,481,4.07283,4.07283,2.027,4.07283,4.07283,2.027,4.07283,4.07283,2.027
CHUP-058,1271.8201,-1024.0,48.405132,0.0,200,200,543,200,200,543,200,200,543,4.07283,4.07283,2.027,4.07283,4.07283,2.027,4.07283,4.07283,2.027
CHUP-059,1451.791,-1024.0,168.92857,0.0,200,200,481,200,200,481,200,200,481,4.07283,4.07283,2.0270042,4.07283,4.07283,2.0270042,4.07283,4.07283,2.0270042
CHUP-060,920.316,-1024.0,36.98296,0.0,200,200,419,200,200,419,200,200,419,4.07283,4.07283,2.0270095,4.07283,4.07283,2.0270095,4.07283,4.07283,2.0270095
CHUP-061,1129.4226,-1024.0,78.17495,0.0,200,200,481,200,200,481,200,200,481,4.07283,4.07283,2.027,4.07283,4.07283,2.027,4.07283,4.07283,2.027
CHUP-065,1181.7452,-1024.0,26.95661,0.0,200,200,481,200,200,481,200,200,481,4.07283,4.07283,2.027,4.07283,4.07283,2.027,4.07283,4.07283,2.027
CHUP-066,1129.7554,-1024.0,57.977825,0.0,200,200,481,200,200,481,200,200,481,4.07283,4.07283,2.027,4.07283,4.07283,2.027,4.07283,4.07283,2.027
CHUP-067,918.78564,-1024.0,26.3601,0.0,200,200,419,200,200,419,200,200,419,4.07283,4.07283,2.027,4.07283,4.07283,2.027,4.07283,4.07283,2.027
CHUP-068,1652.2322,-1024.0,20.897257,0.0,200,200,481,200,200,481,200,200,481,4.07283,4.07283,2.027,4.07283,4.07283,2.027,4.07283,4.07283,2.027
CHUP-069,2102.0725,-1024.0,53.690147,0.0,200,200,419,200,200,419,200,200,419,4.07283,4.07283,2.027,4.07283,4.07283,2.027,4.07283,4.07283,2.027
CHUP-070,1657.5839,-1024.0,86.96376,0.0,200,200,481,200,200,481,200,200,481,4.07283,4.07283,2.027,4.07283,4.07283,2.027,4.07283,4.07283,2.027
CHUP-071,2898.3677,-1024.0,44.422436,0.0,200,200,481,200,200,481,200,200,481,4.07283,4.07283,2.027,4.07283,4.07283,2.027,4.07283,4.07283,2.027
CHUP-072,1064.2144,-1024.0,147.30675,0.0,200,200,419,200,200,419,200,200,419,4.07283,4.07283,2.0269904,4.07283,4.07283,2.0269904,4.07283,4.07283,2.0269904
CHUP-073,1309.0068,-1024.0,82.82058,0.0,200,200,419,200,200,419,200,200,419,4.07283,4.07283,2.027,4.07283,4.07283,2.027,4.07283,4.07283,2.027
CHUS-003,546.9386,-1024.0,30.047808,0.0,144,144,234,144,144,234,144,144,234,4.0,4.0,4.0000005,4.0,4.0,4.0000005,4.0,4.0,4.0000005
CHUS-004,864.4001,-1024.0,166.1847,0.0,144,144,234,144,144,234,144,144,234,4.0,4.0,4.0,4.0,4.0,4.0,4.0,4.0,4.0
CHUS-005,580.166,-1024.0,100.63704,0.0,144,144,255,144,144,255,144,144,255,4.0,4.0,4.0,4.0,4.0,4.0,4.0,4.0,4.0
CHUS-006,624.48065,-1024.0,12.962425,0.0,144,144,213,144,144,213,144,144,213,4.0,4.0,4.0,4.0,4.0,4.0,4.0,4.0,4.0
CHUS-009,1092.2319,-1024.0,19.121674,0.0,144,144,234,144,144,234,144,144,234,4.0,4.0,4.0,4.0,4.0,4.0,4.0,4.0,4.0
CHUS-010,760.7872,-1024.0,22.7554,0.0,144,144,234,144,144,234,144,144,234,4.0,4.0,4.0,4.0,4.0,4.0,4.0,4.0,4.0
CHUS-013,650.1124,-1024.0,231.46452,0.0,144,144,234,144,144,234,144,144,234,4.0,4.0,4.0,4.0,4.0,4.0,4.0,4.0,4.0
CHUS-015,736.1185,-1024.0,112.3974,0.0,144,144,234,144,144,234,144,144,234,4.0,4.0,4.0,4.0,4.0,4.0,4.0,4.0,4.0
CHUS-016,515.10815,-1024.0,20.192678,0.0,144,144,255,144,144,255,144,144,255,4.0,4.0,4.0,4.0,4.0,4.0,4.0,4.0,4.0
CHUS-019,683.5638,-1024.0,1105.2675,0.0,144,144,213,144,144,213,144,144,213,4.0,4.0,4.0,4.0,4.0,4.0,4.0,4.0,4.0
CHUS-021,600.65295,-1024.0,53.928947,0.0,144,144,255,144,144,255,144,144,255,4.0,4.0,4.0,4.0,4.0,4.0,4.0,4.0,4.0
CHUS-026,785.31024,-1024.0,87.08149,0.0,144,144,255,144,144,255,144,144,255,4.0,4.0,4.0,4.0,4.0,4.0,4.0,4.0,4.0
CHUS-027,643.7586,-1024.0,29.190683,0.0,144,144,255,144,144,255,144,144,255,4.0,4.0,4.0,4.0,4.0,4.0,4.0,4.0,4.0
CHUS-028,544.22034,-1024.0,16.263887,0.0,144,144,213,144,144,213,144,144,213,4.0,4.0,4.0,4.0,4.0,4.0,4.0,4.0,4.0
CHUS-030,2662.257,-1024.0,12.813561,0.0,144,144,254,144,144,254,144,144,254,4.0,4.0,4.0,4.0,4.0,4.0,4.0,4.0,4.0
CHUS-031,596.9248,-1024.0,29.80939,0.0,144,144,255,144,144,255,144,144,255,4.0,4.0,4.0,4.0,4.0,4.0,4.0,4.0,4.0
CHUS-033,607.3802,-1024.0,21.655806,0.0,144,144,234,144,144,234,144,144,234,4.0,4.0,4.0,4.0,4.0,4.0,4.0,4.0,4.0
CHUS-035,1123.9143,-1024.0,152.1715,0.0,144,144,275,144,144,275,144,144,275,4.0,4.0,3.9999998,4.0,4.0,3.9999998,4.0,4.0,3.9999998
CHUS-036,918.3174,-1024.0,109.743034,0.0,144,144,255,144,144,255,144,144,255,4.0,4.0,4.0,4.0,4.0,4.0,4.0,4.0,4.0
CHUS-038,808.454,-1024.0,85.56112,0.0,144,144,234,144,144,234,144,144,234,4.0,4.0,4.0,4.0,4.0,4.0,4.0,4.0,4.0
CHUS-039,882.93384,-1024.0,170.59142,0.0,144,144,255,144,144,255,144,144,255,4.0,4.0,4.0,4.0,4.0,4.0,4.0,4.0,4.0
CHUS-040,483.77698,-1024.0,14.06143,0.0,144,144,213,144,144,213,144,144,213,4.0,4.0,4.0,4.0,4.0,4.0,4.0,4.0,4.0
CHUS-041,1070.2986,-1024.0,49.81036,0.0,144,144,255,144,144,255,144,144,255,4.0,4.0,4.0,4.0,4.0,4.0,4.0,4.0,4.0
CHUS-042,680.8229,-1024.0,26.37292,0.0,144,144,255,144,144,255,144,144,255,4.0,4.0,4.0,4.0,4.0,4.0,4.0,4.0,4.0
CHUS-043,1012.9693,-1024.0,189.33076,0.0,144,144,234,144,144,234,144,144,234,4.0,4.0,4.0,4.0,4.0,4.0,4.0,4.0,4.0
CHUS-045,496.81696,-1024.0,18.79787,0.0,144,144,234,144,144,234,144,144,234,4.0,4.0,4.0,4.0,4.0,4.0,4.0,4.0,4.0
CHUS-046,1009.3212,-1024.0,395.15875,0.0,144,144,255,144,144,255,144,144,255,4.0,4.0,4.0,4.0,4.0,4.0,4.0,4.0,4.0
CHUS-048,551.5132,-1024.0,10.41846,0.0,144,144,234,144,144,234,144,144,234,4.0,4.0,4.0,4.0,4.0,4.0,4.0,4.0,4.0
CHUS-049,682.88434,-1024.0,66.18175,0.0,144,144,234,144,144,234,144,144,234,4.0,4.0,4.0,4.0,4.0,4.0,4.0,4.0,4.0
CHUS-051,624.9223,-1024.0,29.085495,0.0,144,144,234,144,144,234,144,144,234,4.0,4.0,4.0,4.0,4.0,4.0,4.0,4.0,4.0
CHUS-052,728.7659,-1024.0,56.062428,0.0,144,144,255,144,144,255,144,144,255,4.0,4.0,4.0,4.0,4.0,4.0,4.0,4.0,4.0
CHUS-053,624.6378,-1024.0,8.528436,0.0,144,144,213,144,144,213,144,144,213,4.0,4.0,4.0,4.0,4.0,4.0,4.0,4.0,4.0
CHUS-055,722.48004,-1024.0,116.488205,0.0,144,144,255,144,144,255,144,144,255,4.0,4.0,4.0,4.0,4.0,4.0,4.0,4.0,4.0
CHUS-056,617.34924,-1024.0,26.160847,0.0,144,144,234,144,144,234,144,144,234,4.0,4.0,4.0,4.0,4.0,4.0,4.0,4.0,4.0
CHUS-057,715.2542,-1024.0,23.83307,0.0,144,144,255,144,144,255,144,144,255,4.0,4.0,4.0,4.0,4.0,4.0,4.0,4.0,4.0
CHUS-058,666.8101,-1024.0,59.03058,0.0,144,144,234,144,144,234,144,144,234,4.0,4.0,4.0,4.0,4.0,4.0,4.0,4.0,4.0
CHUS-060,755.363,-1024.0,82.37991,0.0,144,144,254,144,144,254,144,144,254,4.0,4.0,4.0,4.0,4.0,4.0,4.0,4.0,4.0
CHUS-061,829.9218,-1024.0,19.83615,0.0,144,144,276,144,144,276,144,144,276,4.0,4.0,4.0,4.0,4.0,4.0,4.0,4.0,4.0
CHUS-064,634.89856,-1024.0,56.034203,0.0,144,144,255,144,144,255,144,144,255,4.0,4.0,4.0,4.0,4.0,4.0,4.0,4.0,4.0
CHUS-065,643.1083,-1024.0,20.475,0.0,144,144,255,144,144,255,144,144,255,4.0,4.0,4.0,4.0,4.0,4.0,4.0,4.0,4.0
CHUS-068,709.99023,-1024.0,17.780155,0.0,144,144,255,144,144,255,144,144,255,4.0,4.0,4.0,4.0,4.0,4.0,4.0,4.0,4.0
CHUS-069,828.2411,-1024.0,53.42932,0.0,144,144,255,144,144,255,144,144,255,4.0,4.0,4.0,4.0,4.0,4.0,4.0,4.0,4.0
CHUS-073,719.6063,-1024.0,48.578667,0.0,144,144,234,144,144,234,144,144,234,4.0,4.0,4.0,4.0,4.0,4.0,4.0,4.0,4.0
CHUS-074,963.5386,-1024.0,22.683771,0.0,144,144,255,144,144,255,144,144,255,4.0,4.0,4.0,4.0,4.0,4.0,4.0,4.0,4.0
CHUS-076,916.4799,-1024.0,46.298462,0.0,144,144,254,144,144,254,144,144,254,4.0,4.0,4.0,4.0,4.0,4.0,4.0,4.0,4.0
CHUS-077,802.50085,-1024.0,85.56381,0.0,144,144,234,144,144,234,144,144,234,4.0,4.0,4.0,4.0,4.0,4.0,4.0,4.0,4.0
CHUS-081,920.006,-1024.0,12.422163,0.0,144,144,234,144,144,234,144,144,234,4.0,4.0,4.0,4.0,4.0,4.0,4.0,4.0,4.0
CHUS-083,932.73645,-1024.0,65.68403,0.0,144,144,255,144,144,255,144,144,255,4.0,4.0,4.0,4.0,4.0,4.0,4.0,4.0,4.0
CHUS-086,574.1167,-1024.0,13.986333,0.0,144,144,255,144,144,255,144,144,255,4.0,4.0,4.0,4.0,4.0,4.0,4.0,4.0,4.0
CHUS-087,927.7086,-1024.0,111.61115,0.0,144,144,255,144,144,255,144,144,255,4.0,4.0,4.0,4.0,4.0,4.0,4.0,4.0,4.0
CHUS-088,742.10815,-1024.0,35.37049,0.0,144,144,212,144,144,212,144,144,212,4.0,4.0,4.0,4.0,4.0,4.0,4.0,4.0,4.0
CHUS-090,849.1061,-1024.0,13.809701,0.0,144,144,234,144,144,234,144,144,234,4.0,4.0,4.0,4.0,4.0,4.0,4.0,4.0,4.0
CHUS-091,997.7119,-1024.0,46.95343,0.0,144,144,255,144,144,255,144,144,255,4.0,4.0,3.9999998,4.0,4.0,3.9999998,4.0,4.0,3.9999998
CHUS-094,917.61566,-1024.0,99.4331,0.0,144,144,255,144,144,255,144,144,255,4.0,4.0,4.0,4.0,4.0,4.0,4.0,4.0,4.0
CHUS-095,604.673,-1024.0,11.303784,0.0,144,144,234,144,144,234,144,144,234,4.0,4.0,4.0,4.0,4.0,4.0,4.0,4.0,4.0
CHUS-096,821.3423,-1024.0,19.90776,0.0,144,144,234,144,144,234,144,144,234,4.0,4.0,4.0,4.0,4.0,4.0,4.0,4.0,4.0
CHUS-100,1027.2983,-1024.0,99.978806,0.0,144,144,296,144,144,296,144,144,296,4.0,4.0,4.0,4.0,4.0,4.0,4.0,4.0,4.0
CHUS-101,992.2723,-1024.0,19.695932,0.0,144,144,255,144,144,255,144,144,255,4.0,4.0,4.0,4.0,4.0,4.0,4.0,4.0,4.0
CHUV-002,3070.8823,-3024.0,31.064302,0.0,256,256,299,256,256,299,256,256,299,2.734375,2.734375,3.27,2.734375,2.734375,3.27,2.734375,2.734375,3.27
CHUV-003,1385.9957,-3024.0,22.235569,0.0,256,256,335,256,256,335,256,256,335,2.734375,2.734375,3.27,2.734375,2.734375,3.27,2.734375,2.734375,3.27
CHUV-004,1510.9988,-3024.0,21.732628,0.0,256,256,335,256,256,335,256,256,335,2.734375,2.734375,3.27,2.734375,2.734375,3.27,2.734375,2.734375,3.27
CHUV-005,1458.986,-3024.0,27.805946,0.0,256,256,335,256,256,335,256,256,335,2.734375,2.734375,3.27,2.734375,2.734375,3.27,2.734375,2.734375,3.27
CHUV-006,3070.9482,-3024.0,50.89659,0.0,256,256,335,256,256,335,256,256,335,2.734375,2.734375,3.27,2.734375,2.734375,3.27,2.734375,2.734375,3.27
CHUV-007,1396.0032,-3024.0,32.57499,0.0,256,256,299,256,256,299,256,256,299,2.734375,2.734375,3.27,2.734375,2.734375,3.27,2.734375,2.734375,3.27
CHUV-008,1274.0216,-3024.0,17.975487,0.0,256,256,299,256,256,299,256,256,299,2.734375,2.734375,3.27,2.734375,2.734375,3.27,2.734375,2.734375,3.27
CHUV-009,1364.96,-3024.0,21.452267,0.0,256,256,299,256,256,299,256,256,299,2.734375,2.734375,3.27,2.734375,2.734375,3.27,2.734375,2.734375,3.27
CHUV-010,2453.9602,-3024.0,30.458261,0.0,256,256,335,256,256,335,256,256,335,2.734375,2.734375,3.27,2.734375,2.734375,3.27,2.734375,2.734375,3.27
CHUV-012,903.00916,-3024.0,13.580669,0.0,128,128,67,128,128,67,128,128,67,3.90625,3.90625,4.25,3.90625,3.90625,4.25,3.90625,3.90625,4.25
CHUV-013,607.018,-3024.0,25.06237,0.0,128,128,67,128,128,67,128,128,67,3.90625,3.90625,4.25,3.90625,3.90625,4.25,3.90625,3.90625,4.25
CHUV-014,575.9183,-3024.0,20.134281,0.0,128,128,67,128,128,67,128,128,67,3.90625,3.90625,4.25,3.90625,3.90625,4.25,3.90625,3.90625,4.25
CHUV-015,1026.9312,-3024.0,12.822859,0.0,128,128,67,128,128,67,128,128,67,3.90625,3.90625,4.25,3.90625,3.90625,4.25,3.90625,3.90625,4.25
CHUV-016,833.00525,-3024.0,20.678003,0.0,128,128,67,128,128,67,128,128,67,3.90625,3.90625,4.25,3.90625,3.90625,4.25,3.90625,3.90625,4.25
CHUV-017,1459.3851,-3024.0,16.978573,0.0,256,256,119,256,256,119,256,256,119,2.734375,2.734375,3.27,2.734375,2.734375,3.27,2.734375,2.734375,3.27
CHUV-018,2154.9116,-3024.0,18.088976,0.0,256,256,119,256,256,119,256,256,119,2.734375,2.734375,3.27,2.734375,2.734375,3.27,2.734375,2.734375,3.27
CHUV-019,1307.057,-3024.0,22.037941,0.0,256,256,119,256,256,119,256,256,119,2.734375,2.734375,3.27,2.734375,2.734375,3.27,2.734375,2.734375,3.27
CHUV-020,1421.9186,-3024.0,28.220665,0.0,256,256,119,256,256,119,256,256,119,2.734375,2.734375,3.27,2.734375,2.734375,3.27,2.734375,2.734375,3.27
CHUV-021,1046.7261,-3024.0,8.869218,0.0,256,256,119,256,256,119,256,256,119,2.734375,2.734375,3.27,2.734375,2.734375,3.27,2.734375,2.734375,3.27
CHUV-022,1366.003,-3024.0,21.942186,0.0,256,256,299,256,256,299,256,256,299,2.734375,2.734375,3.27,2.734375,2.734375,3.27,2.734375,2.734375,3.27
CHUV-023,1558.022,-3024.0,24.234646,0.0,256,256,299,256,256,299,256,256,299,2.734375,2.734375,3.27,2.734375,2.734375,3.27,2.734375,2.734375,3.27
CHUV-024,1803.2281,-3024.0,76.322395,0.0,256,256,299,256,256,299,256,256,299,2.734375,2.734375,3.27,2.734375,2.734375,3.27,2.734375,2.734375,3.27
CHUV-025,1441.0029,-3024.0,45.35302,0.0,256,256,335,256,256,335,256,256,335,2.734375,2.734375,3.27,2.734375,2.734375,3.27,2.734375,2.734375,3.27
CHUV-027,1472.0022,-3024.0,23.53742,0.0,256,256,335,256,256,335,256,256,335,2.734375,2.734375,3.27,2.734375,2.734375,3.27,2.734375,2.734375,3.27
CHUV-028,1626.3119,-3024.0,18.99051,0.0,256,256,299,256,256,299,256,256,299,2.734375,2.734375,3.27,2.734375,2.734375,3.27,2.734375,2.734375,3.27
CHUV-029,1222.8596,-3024.0,26.283598,0.0,256,256,299,256,256,299,256,256,299,2.734375,2.734375,3.27,2.734375,2.734375,3.27,2.734375,2.734375,3.27
CHUV-032,2239.8938,-3024.0,21.392588,0.0,256,256,335,256,256,335,256,256,335,2.734375,2.734375,3.27,2.734375,2.734375,3.27,2.734375,2.734375,3.27
CHUV-035,2420.014,-3024.0,82.421196,0.0,256,256,299,256,256,299,256,256,299,2.734375,2.734375,3.27,2.734375,2.734375,3.27,2.734375,2.734375,3.27
CHUV-036,1579.1991,-3024.0,17.808607,0.0,256,256,119,256,256,119,256,256,119,2.734375,2.734375,3.27,2.734375,2.734375,3.27,2.734375,2.734375,3.27
CHUV-038,1556.0079,-3024.0,20.762072,0.0,256,256,335,256,256,335,256,256,335,2.734375,2.734375,3.27,2.734375,2.734375,3.27,2.734375,2.734375,3.27
CHUV-039,1714.8904,-3024.0,13.925438,0.0,256,256,119,256,256,119,256,256,119,2.734375,2.734375,3.27,2.734375,2.734375,3.27,2.734375,2.734375,3.27
CHUV-040,3070.9756,-3024.0,20.10276,0.0,256,256,335,256,256,335,256,256,335,2.734375,2.734375,3.27,2.734375,2.734375,3.27,2.734375,2.734375,3.27
CHUV-043,3071.0,-3024.0,20.61138,0.0,256,256,335,256,256,335,256,256,335,2.734375,2.734375,3.27,2.734375,2.734375,3.27,2.734375,2.734375,3.27
CHUV-044,3071.0,-3024.0,14.4319935,0.0,256,256,335,256,256,335,256,256,335,2.734375,2.734375,3.27,2.734375,2.734375,3.27,2.734375,2.734375,3.27
CHUV-045,3071.0,-3024.0,21.148386,0.0,256,256,335,256,256,335,256,256,335,2.734375,2.734375,3.27,2.734375,2.734375,3.27,2.734375,2.734375,3.27
CHUV-046,1469.0011,-3024.0,61.296658,0.0,256,256,335,256,256,335,256,256,335,2.734375,2.734375,3.27,2.734375,2.734375,3.27,2.734375,2.734375,3.27
CHUV-047,2276.7607,-3024.0,16.256727,0.0,256,256,335,256,256,335,256,256,335,2.734375,2.734375,3.27,2.734375,2.734375,3.27,2.734375,2.734375,3.27
CHUV-048,1465.8356,-3024.0,28.92893,0.0,256,256,335,256,256,335,256,256,335,2.734375,2.734375,3.27,2.734375,2.734375,3.27,2.734375,2.734375,3.27
CHUV-049,2287.0034,-3024.0,15.214892,0.0,256,256,335,256,256,335,256,256,335,2.734375,2.734375,3.27,2.734375,2.734375,3.27,2.734375,2.734375,3.27
CHUV-050,3070.9414,-3024.0,17.719683,0.0,256,256,299,256,256,299,256,256,299,2.734375,2.734375,3.27,2.734375,2.734375,3.27,2.734375,2.734375,3.27
CHUV-051,3071.0,-3024.0,27.063334,0.0,256,256,335,256,256,335,256,256,335,2.734375,2.734375,3.27,2.734375,2.734375,3.27,2.734375,2.734375,3.27
CHUV-052,1662.127,-3024.0,23.600079,0.0,256,256,299,256,256,299,256,256,299,2.734375,2.734375,3.27,2.734375,2.734375,3.27,2.734375,2.734375,3.27
CHUV-053,1443.227,-3024.0,76.51976,0.0,256,256,335,256,256,335,256,256,335,2.734375,2.734375,3.27,2.734375,2.734375,3.27,2.734375,2.734375,3.27
HGJ-007,1259.391,-3024.0,37.551037,0.0,128,128,91,128,128,91,128,128,91,3.515625,3.515625,3.2702222,3.515625,3.515625,3.2702222,3.515625,3.515625,3.2702222
HGJ-008,1093.9727,-3024.0,71.21992,0.0,128,128,91,128,128,91,128,128,91,3.515625,3.515625,3.2702222,3.515625,3.515625,3.2702222,3.515625,3.515625,3.2702222
HGJ-010,2296.7617,-3024.0,19.166822,0.0,128,128,91,128,128,91,128,128,91,3.515625,3.515625,3.2702222,3.515625,3.515625,3.2702222,3.515625,3.515625,3.2702222
HGJ-013,1341.1505,-3024.0,12.4843235,0.0,128,128,91,128,128,91,128,128,91,3.515625,3.515625,3.2702222,3.515625,3.515625,3.2702222,3.515625,3.515625,3.2702222
HGJ-015,1270.4579,-3024.0,26.372005,0.0,128,128,91,128,128,91,128,128,91,3.515625,3.515625,3.2702222,3.515625,3.515625,3.2702222,3.515625,3.515625,3.2702222
HGJ-016,1140.1031,-3024.0,23.313225,0.0,128,128,91,128,128,91,128,128,91,3.515625,3.515625,3.2702222,3.515625,3.515625,3.2702222,3.515625,3.515625,3.2702222
HGJ-017,1375.235,-3024.0,20.484348,0.0,128,128,91,128,128,91,128,128,91,3.515625,3.515625,3.2702222,3.515625,3.515625,3.2702222,3.515625,3.515625,3.2702222
HGJ-018,1337.8376,-3024.0,19.595865,0.0,128,128,91,128,128,91,128,128,91,3.515625,3.515625,3.2702222,3.515625,3.515625,3.2702222,3.515625,3.515625,3.2702222
HGJ-025,1100.0294,-3024.0,28.294554,0.0,128,128,91,128,128,91,128,128,91,3.515625,3.515625,3.2702222,3.515625,3.515625,3.2702222,3.515625,3.515625,3.2702222
HGJ-026,1337.7095,-3024.0,12.762276,0.0,128,128,91,128,128,91,128,128,91,3.515625,3.515625,3.2702222,3.515625,3.515625,3.2702222,3.515625,3.515625,3.2702222
HGJ-028,1663.2156,-3024.0,63.796368,0.0,128,128,91,128,128,91,128,128,91,3.515625,3.515625,3.2702222,3.515625,3.515625,3.2702222,3.515625,3.515625,3.2702222
HGJ-029,1287.0969,-3024.0,21.186686,0.0,128,128,91,128,128,91,128,128,91,3.515625,3.515625,3.2702222,3.515625,3.515625,3.2702222,3.515625,3.515625,3.2702222
HGJ-030,1372.9498,-3024.0,20.875416,0.0,128,128,91,128,128,91,128,128,91,3.515625,3.515625,3.2702222,3.515625,3.515625,3.2702222,3.515625,3.515625,3.2702222
HGJ-031,786.0969,-3024.0,22.010178,0.0,128,128,91,128,128,91,128,128,91,3.515625,3.515625,3.2702222,3.515625,3.515625,3.2702222,3.515625,3.515625,3.2702222
HGJ-032,1406.6866,-3024.0,18.130127,0.0,128,128,91,128,128,91,128,128,91,3.515625,3.515625,3.2702222,3.515625,3.515625,3.2702222,3.515625,3.515625,3.2702222
HGJ-034,1455.6312,-3024.0,12.138444,0.0,128,128,91,128,128,91,128,128,91,3.515625,3.515625,3.2702222,3.515625,3.515625,3.2702222,3.515625,3.515625,3.2702222
HGJ-036,877.7163,-3024.0,25.44489,0.0,128,128,91,128,128,91,128,128,91,3.515625,3.515625,3.2702222,3.515625,3.515625,3.2702222,3.515625,3.515625,3.2702222
HGJ-037,1097.3928,-3024.0,57.995003,0.0,128,128,135,128,128,135,128,128,135,3.515625,3.515625,3.2702987,3.515625,3.515625,3.2702987,3.515625,3.515625,3.2702987
HGJ-038,929.7492,-3024.0,17.056267,0.0,128,128,91,128,128,91,128,128,91,3.515625,3.515625,3.2702222,3.515625,3.515625,3.2702222,3.515625,3.515625,3.2702222
HGJ-043,1314.7694,-3024.0,23.603092,0.0,128,128,135,128,128,135,128,128,135,3.515625,3.515625,3.2702987,3.515625,3.515625,3.2702987,3.515625,3.515625,3.2702987
HGJ-046,1416.3022,-3024.0,38.072422,0.0,128,128,91,128,128,91,128,128,91,3.515625,3.515625,3.2702222,3.515625,3.515625,3.2702222,3.515625,3.515625,3.2702222
HGJ-050,1101.1625,-3024.0,45.6452,0.0,128,128,91,128,128,91,128,128,91,3.515625,3.515625,3.2702222,3.515625,3.515625,3.2702222,3.515625,3.515625,3.2702222
HGJ-053,1039.9579,-3024.0,46.253674,0.0,128,128,91,128,128,91,128,128,91,3.515625,3.515625,3.2702222,3.515625,3.515625,3.2702222,3.515625,3.515625,3.2702222
HGJ-055,3070.931,-3024.0,57.750473,0.0,128,128,91,128,128,91,128,128,91,3.515625,3.515625,3.2702222,3.515625,3.515625,3.2702222,3.515625,3.515625,3.2702222
HGJ-057,2802.307,-3024.0,19.95025,0.0,128,128,91,128,128,91,128,128,91,3.515625,3.515625,3.2702222,3.515625,3.515625,3.2702222,3.515625,3.515625,3.2702222
HGJ-058,1036.9188,-3024.0,15.251751,0.0,128,128,91,128,128,91,128,128,91,3.515625,3.515625,3.2702222,3.515625,3.515625,3.2702222,3.515625,3.515625,3.2702222
HGJ-062,935.2016,-3024.0,21.00024,0.0,128,128,91,128,128,91,128,128,91,3.515625,3.515625,3.2702222,3.515625,3.515625,3.2702222,3.515625,3.515625,3.2702222
HGJ-065,2966.2046,-3024.0,49.941414,0.0,128,128,91,128,128,91,128,128,91,3.515625,3.515625,3.2702222,3.515625,3.515625,3.2702222,3.515625,3.515625,3.2702222
HGJ-067,1017.8274,-3024.0,36.312435,0.0,128,128,91,128,128,91,128,128,91,3.515625,3.515625,3.2702222,3.515625,3.515625,3.2702222,3.515625,3.515625,3.2702222
HGJ-069,782.72125,-3024.0,38.559353,0.0,128,128,91,128,128,91,128,128,91,3.515625,3.515625,3.2702222,3.515625,3.515625,3.2702222,3.515625,3.515625,3.2702222
HGJ-070,1308.8016,-3024.0,12.22853,0.0,128,128,91,128,128,91,128,128,91,3.515625,3.515625,3.2702222,3.515625,3.515625,3.2702222,3.515625,3.515625,3.2702222
HGJ-071,1232.4614,-3024.0,43.833073,0.0,128,128,91,128,128,91,128,128,91,3.515625,3.515625,3.2702222,3.515625,3.515625,3.2702222,3.515625,3.515625,3.2702222
HGJ-072,3051.4604,-3024.0,10.419482,0.0,128,128,91,128,128,91,128,128,91,3.515625,3.515625,3.2702222,3.515625,3.515625,3.2702222,3.515625,3.515625,3.2702222
HGJ-073,1378.6589,-3024.0,40.6348,0.0,128,128,91,128,128,91,128,128,91,3.515625,3.515625,3.2702222,3.515625,3.515625,3.2702222,3.515625,3.515625,3.2702222
HGJ-074,1091.8213,-3024.0,64.31317,0.0,128,128,91,128,128,91,128,128,91,3.515625,3.515625,3.2702222,3.515625,3.515625,3.2702222,3.515625,3.515625,3.2702222
HGJ-076,938.1647,-3024.0,23.830263,0.0,128,128,91,128,128,91,128,128,91,3.515625,3.515625,3.2702222,3.515625,3.515625,3.2702222,3.515625,3.515625,3.2702222
HGJ-078,1280.4175,-3024.0,25.713041,0.0,128,128,91,128,128,91,128,128,91,3.515625,3.515625,3.270222,3.515625,3.515625,3.270222,3.515625,3.515625,3.270222
HGJ-081,1406.8207,-3024.0,34.673546,0.0,128,128,91,128,128,91,128,128,91,3.515625,3.515625,3.2702222,3.515625,3.515625,3.2702222,3.515625,3.515625,3.2702222
HGJ-082,1062.0176,-3024.0,11.009766,0.0,128,128,91,128,128,91,128,128,91,3.515625,3.515625,3.2702222,3.515625,3.515625,3.2702222,3.515625,3.515625,3.2702222
HGJ-083,468.89005,-3024.0,19.764185,0.0,128,128,91,128,128,91,128,128,91,4.6875,4.6875,3.2702222,4.6875,4.6875,3.2702222,4.6875,4.6875,3.2702222
HGJ-085,1058.7324,-3024.0,25.48769,0.0,128,128,91,128,128,91,128,128,91,3.515625,3.515625,3.2702222,3.515625,3.515625,3.2702222,3.515625,3.515625,3.2702222
HGJ-086,1134.6754,-3024.0,26.298038,0.0,128,128,91,128,128,91,128,128,91,3.515625,3.515625,3.2702222,3.515625,3.515625,3.2702222,3.515625,3.515625,3.2702222
HGJ-087,2721.0552,-3024.0,14.631166,0.0,128,128,91,128,128,91,128,128,91,3.515625,3.515625,3.2702222,3.515625,3.515625,3.2702222,3.515625,3.515625,3.2702222
HGJ-090,1551.5137,-3024.0,17.290123,0.0,128,128,91,128,128,91,128,128,91,3.515625,3.515625,3.2702222,3.515625,3.515625,3.2702222,3.515625,3.515625,3.2702222
HMR-001,737.37616,-3024.0,104.28438,0.0,128,128,267,128,128,267,128,128,267,5.46875,5.46875,3.27,5.46875,5.46875,3.27,5.46875,5.46875,3.27
HMR-004,1042.1461,-3024.0,27.170147,0.0,128,128,91,128,128,91,128,128,91,3.515625,3.515625,3.2702222,3.515625,3.515625,3.2702222,3.515625,3.515625,3.2702222
HMR-005,992.0918,-3024.0,22.151548,0.0,128,128,91,128,128,91,128,128,91,3.515625,3.515625,3.2702222,3.515625,3.515625,3.2702222,3.515625,3.515625,3.2702222
HMR-011,868.8821,-3024.0,8.234867,0.0,128,128,91,128,128,91,128,128,91,3.515625,3.515625,3.2702222,3.515625,3.515625,3.2702222,3.515625,3.515625,3.2702222
HMR-013,1211.4008,-3024.0,52.101837,0.0,128,128,267,128,128,267,128,128,267,5.46875,5.46875,3.27,5.46875,5.46875,3.27,5.46875,5.46875,3.27
HMR-014,1014.7766,-3024.0,21.867584,0.0,128,128,91,128,128,91,128,128,91,3.515625,3.515625,3.2702222,3.515625,3.515625,3.2702222,3.515625,3.515625,3.2702222
HMR-016,1241.3196,-3024.0,27.724195,0.0,128,128,91,128,128,91,128,128,91,3.515625,3.515625,3.2702222,3.515625,3.515625,3.2702222,3.515625,3.515625,3.2702222
HMR-020,1070.2151,-3024.0,41.187355,0.0,128,128,83,128,128,83,128,128,83,3.515625,3.515625,3.2697563,3.515625,3.515625,3.2697563,3.515625,3.515625,3.2697563
HMR-021,744.0982,-3024.0,16.323881,0.0,128,128,91,128,128,91,128,128,91,3.515625,3.515625,3.2702222,3.515625,3.515625,3.2702222,3.515625,3.515625,3.2702222
HMR-023,1337.3607,-3024.0,15.498675,0.0,128,128,91,128,128,91,128,128,91,3.515625,3.515625,3.2702222,3.515625,3.515625,3.2702222,3.515625,3.515625,3.2702222
HMR-024,1383.4089,-3024.0,20.280956,0.0,128,128,91,128,128,91,128,128,91,3.515625,3.515625,3.2702222,3.515625,3.515625,3.2702222,3.515625,3.515625,3.2702222
HMR-028,1096.0433,-3024.0,28.248045,0.0,128,128,267,128,128,267,128,128,267,5.46875,5.46875,3.27,5.46875,5.46875,3.27,5.46875,5.46875,3.27
HMR-029,1210.4283,-3024.0,13.759331,0.0,128,128,91,128,128,91,128,128,91,3.515625,3.515625,3.2702222,3.515625,3.515625,3.2702222,3.515625,3.515625,3.2702222
HMR-034,1156.0769,-3024.0,17.34545,0.0,128,128,91,128,128,91,128,128,91,3.515625,3.515625,3.2702222,3.515625,3.515625,3.2702222,3.515625,3.515625,3.2702222
MDA-001,1174.3958,-1024.0,182.96808,0.0,128,128,311,128,128,311,128,128,311,3.90625,3.90625,3.2700644,3.90625,3.90625,3.2700644,3.90625,3.90625,3.2700644
MDA-004,509.30838,-2048.0,246.91965,0.0,128,128,223,128,128,223,128,128,223,5.46875,5.46875,3.26991,5.46875,5.46875,3.26991,5.46875,5.46875,3.26991
MDA-005,1023.4704,-2048.0,36.64894,0.0,128,128,267,128,128,267,128,128,267,5.46875,5.46875,3.27,5.46875,5.46875,3.27,5.46875,5.46875,3.27
MDA-006,741.89703,-2048.0,128.66655,0.0,128,128,223,128,128,223,128,128,223,5.46875,5.46875,3.26991,5.46875,5.46875,3.26991,5.46875,5.46875,3.26991
MDA-007,2844.356,-1024.0,80.193756,0.0,168,168,215,168,168,215,168,168,215,4.0638857,4.0638857,4.0,4.0638857,4.0638857,4.0,4.0638857,4.0638857,4.0
MDA-010,786.81085,-2048.0,14.813606,0.0,128,128,91,128,128,91,128,128,91,5.46875,5.46875,3.2702222,5.46875,5.46875,3.2702222,5.46875,5.46875,3.2702222
MDA-011,689.94403,-2048.0,11.072748,0.0,128,128,91,128,128,91,128,128,91,5.46875,5.46875,3.2702222,5.46875,5.46875,3.2702222,5.46875,5.46875,3.2702222
MDA-012,983.4039,-2048.0,14.807915,0.0,128,128,91,128,128,91,128,128,91,5.46875,5.46875,3.2702222,5.46875,5.46875,3.2702222,5.46875,5.46875,3.2702222
MDA-014,1255.2789,-2048.0,14.614269,0.0,128,128,91,128,128,91,128,128,91,5.46875,5.46875,3.2702222,5.46875,5.46875,3.2702222,5.46875,5.46875,3.2702222
MDA-015,1035.4819,-2048.0,34.081024,0.0,128,128,135,128,128,135,128,128,135,5.46875,5.46875,3.2702987,5.46875,5.46875,3.2702987,5.46875,5.46875,3.2702987
MDA-016,818.7421,-2048.0,16.086311,0.0,128,128,135,128,128,135,128,128,135,5.46875,5.46875,3.2702987,5.46875,5.46875,3.2702987,5.46875,5.46875,3.2702987
MDA-018,871.4789,-2048.0,21.948362,0.0,128,128,127,128,128,127,128,128,127,5.46875,5.46875,3.27,5.46875,5.46875,3.27,5.46875,5.46875,3.27
MDA-019,860.911,-2048.0,26.541676,0.0,128,128,127,128,128,127,128,128,127,5.46875,5.46875,3.27,5.46875,5.46875,3.27,5.46875,5.46875,3.27
MDA-020,737.0446,-2048.0,16.156162,0.0,128,128,127,128,128,127,128,128,127,5.46875,5.46875,3.27,5.46875,5.46875,3.27,5.46875,5.46875,3.27
MDA-021,1044.2917,-2048.0,14.785786,0.0,128,128,127,128,128,127,128,128,127,5.46875,5.46875,3.27,5.46875,5.46875,3.27,5.46875,5.46875,3.27
MDA-022,1422.4706,-2048.0,25.784744,0.0,128,128,87,128,128,87,128,128,87,5.46875,5.46875,3.2700002,5.46875,5.46875,3.2700002,5.46875,5.46875,3.2700002
MDA-023,954.9999,-2048.0,16.588255,0.0,128,128,127,128,128,127,128,128,127,5.46875,5.46875,3.27,5.46875,5.46875,3.27,5.46875,5.46875,3.27
MDA-024,769.59766,-2048.0,14.950196,0.0,128,128,127,128,128,127,128,128,127,5.46875,5.46875,3.27,5.46875,5.46875,3.27,5.46875,5.46875,3.27
MDA-026,680.5789,-2048.0,18.56345,0.0,128,128,127,128,128,127,128,128,127,5.46875,5.46875,3.27,5.46875,5.46875,3.27,5.46875,5.46875,3.27
MDA-027,1000.1117,-2048.0,17.455606,0.0,128,128,127,128,128,127,128,128,127,5.46875,5.46875,3.27,5.46875,5.46875,3.27,5.46875,5.46875,3.27
MDA-029,1262.0114,-2048.0,32.882816,0.0,128,128,302,128,128,302,128,128,302,4.6875,4.6875,3.2700665,4.6875,4.6875,3.2700665,4.6875,4.6875,3.2700665
MDA-031,1736.0,-1000.0,11.8593235,0.0,128,128,91,128,128,91,128,128,91,2.734,2.734,2.9996066,2.734,2.734,2.9996066,2.734,2.734,2.9996066
MDA-032,988.63654,-2048.0,35.65088,0.0,128,128,267,128,128,267,128,128,267,3.90625,3.90625,3.27,3.90625,3.90625,3.27,3.90625,3.90625,3.27
MDA-033,1923.77,-2048.0,23.732658,0.0,128,128,135,128,128,135,128,128,135,3.90625,3.90625,3.2702987,3.90625,3.90625,3.2702987,3.90625,3.90625,3.2702987
MDA-034,1515.7859,-2048.0,55.172935,0.0,128,128,311,128,128,311,128,128,311,4.6875,4.6875,3.2700646,4.6875,4.6875,3.2700646,4.6875,4.6875,3.2700646
MDA-035,1326.593,-2048.0,14.329566,0.0,128,128,311,128,128,311,128,128,311,5.078125,5.078125,3.2700646,5.078125,5.078125,3.2700646,5.078125,5.078125,3.2700646
MDA-036,987.42474,-2048.0,58.53692,0.0,128,128,267,128,128,267,128,128,267,5.46875,5.46875,3.27,5.46875,5.46875,3.27,5.46875,5.46875,3.27
MDA-037,1503.8964,-2048.0,13.945597,0.0,128,128,127,128,128,127,128,128,127,5.46875,5.46875,3.27,5.46875,5.46875,3.27,5.46875,5.46875,3.27
MDA-038,1106.3221,-2048.0,14.089031,0.0,128,128,127,128,128,127,128,128,127,5.46875,5.46875,3.27,5.46875,5.46875,3.27,5.46875,5.46875,3.27
MDA-039,937.11224,-2048.0,12.56352,0.0,128,128,127,128,128,127,128,128,127,5.46875,5.46875,3.27,5.46875,5.46875,3.27,5.46875,5.46875,3.27
MDA-040,880.9863,-2048.0,19.557837,0.0,128,128,127,128,128,127,128,128,127,5.46875,5.46875,3.27,5.46875,5.46875,3.27,5.46875,5.46875,3.27
MDA-041,854.0518,-2048.0,14.066243,0.0,128,128,127,128,128,127,128,128,127,5.46875,5.46875,3.27,5.46875,5.46875,3.27,5.46875,5.46875,3.27
MDA-042,739.99365,-2048.0,15.811212,0.0,128,128,127,128,128,127,128,128,127,5.46875,5.46875,3.27,5.46875,5.46875,3.27,5.46875,5.46875,3.27
MDA-043,864.2817,-2048.0,11.87991,0.0,128,128,127,128,128,127,128,128,127,5.46875,5.46875,3.27,5.46875,5.46875,3.27,5.46875,5.46875,3.27
MDA-044,733.93176,-2048.0,20.361319,0.0,128,128,127,128,128,127,128,128,127,5.46875,5.46875,3.27,5.46875,5.46875,3.27,5.46875,5.46875,3.27
MDA-046,790.23254,-2048.0,14.365916,0.0,128,128,127,128,128,127,128,128,127,5.46875,5.46875,3.27,5.46875,5.46875,3.27,5.46875,5.46875,3.27
MDA-047,1008.85284,-2048.0,15.178997,0.0,128,128,127,128,128,127,128,128,127,5.46875,5.46875,3.27,5.46875,5.46875,3.27,5.46875,5.46875,3.27
MDA-048,1335.871,-2048.0,34.80241,0.0,128,128,311,128,128,311,128,128,311,5.46875,5.46875,3.2700646,5.46875,5.46875,3.2700646,5.46875,5.46875,3.2700646
MDA-049,646.04504,-2048.0,13.491964,0.0,128,128,127,128,128,127,128,128,127,5.46875,5.46875,3.27,5.46875,5.46875,3.27,5.46875,5.46875,3.27
MDA-050,602.5409,-2048.0,13.495051,0.0,128,128,127,128,128,127,128,128,127,5.46875,5.46875,3.27,5.46875,5.46875,3.27,5.46875,5.46875,3.27
MDA-052,3070.9924,-2048.0,2016.2496,0.0,192,192,335,192,192,335,192,192,335,3.6458333,3.6458333,3.2700002,3.6458333,3.6458333,3.2700002,3.6458333,3.6458333,3.2700002
MDA-053,1021.47205,-2048.0,16.324398,0.0,128,128,127,128,128,127,128,128,127,5.46875,5.46875,3.27,5.46875,5.46875,3.27,5.46875,5.46875,3.27
MDA-054,1770.7598,-2048.0,17.59258,0.0,128,128,127,128,128,127,128,128,127,5.46875,5.46875,3.27,5.46875,5.46875,3.27,5.46875,5.46875,3.27
MDA-055,1066.1157,-2048.0,76.22066,0.0,128,128,311,128,128,311,128,128,311,4.6875,4.6875,3.2700646,4.6875,4.6875,3.2700646,4.6875,4.6875,3.2700646
MDA-056,1410.1013,-2048.0,79.43903,0.0,128,128,327,128,128,327,128,128,327,5.46875,5.46875,3.27,5.46875,5.46875,3.27,5.46875,5.46875,3.27
MDA-057,785.1965,-2048.0,93.41279,0.0,128,128,311,128,128,311,128,128,311,5.46875,5.46875,3.2700646,5.46875,5.46875,3.2700646,5.46875,5.46875,3.2700646
MDA-058,1123.7458,-2048.0,19.371376,0.0,128,128,127,128,128,127,128,128,127,5.46875,5.46875,3.27,5.46875,5.46875,3.27,5.46875,5.46875,3.27
MDA-059,947.05804,-2048.0,27.036373,0.0,128,128,311,128,128,311,128,128,311,5.46875,5.46875,3.2700644,5.46875,5.46875,3.2700644,5.46875,5.46875,3.2700644
MDA-060,814.41956,-2048.0,19.045807,0.0,128,128,127,128,128,127,128,128,127,5.46875,5.46875,3.27,5.46875,5.46875,3.27,5.46875,5.46875,3.27
MDA-061,797.13104,-2048.0,12.951147,0.0,128,128,127,128,128,127,128,128,127,5.46875,5.46875,3.27,5.46875,5.46875,3.27,5.46875,5.46875,3.27
MDA-063,1325.6167,-2048.0,64.96821,0.0,192,192,299,192,192,299,192,192,299,3.6458333,3.6458333,3.27,3.6458333,3.6458333,3.27,3.6458333,3.6458333,3.27
MDA-064,1176.0015,-2048.0,20.954052,0.0,128,128,127,128,128,127,128,128,127,5.46875,5.46875,3.27,5.46875,5.46875,3.27,5.46875,5.46875,3.27
MDA-065,908.9272,-2048.0,23.034153,0.0,128,128,127,128,128,127,128,128,127,5.46875,5.46875,3.27,5.46875,5.46875,3.27,5.46875,5.46875,3.27
MDA-066,924.0347,-3024.0,11.34167,0.0,128,128,127,128,128,127,128,128,127,5.46875,5.46875,3.27,5.46875,5.46875,3.27,5.46875,5.46875,3.27
MDA-067,969.6659,-2048.0,36.18037,0.0,128,128,227,128,128,227,128,128,227,4.296875,4.296875,4.25,4.296875,4.296875,4.25,4.296875,4.296875,4.25
MDA-068,903.66266,-2048.0,13.986612,0.0,128,128,127,128,128,127,128,128,127,5.46875,5.46875,3.27,5.46875,5.46875,3.27,5.46875,5.46875,3.27
MDA-069,1035.3427,-2048.0,22.607985,0.0,128,128,127,128,128,127,128,128,127,5.46875,5.46875,3.27,5.46875,5.46875,3.27,5.46875,5.46875,3.27
MDA-071,962.2099,-2048.0,19.886208,0.0,128,128,127,128,128,127,128,128,127,5.46875,5.46875,3.27,5.46875,5.46875,3.27,5.46875,5.46875,3.27
MDA-072,1118.1582,-2048.0,34.29738,0.0,128,128,311,128,128,311,128,128,311,5.46875,5.46875,3.2700646,5.46875,5.46875,3.2700646,5.46875,5.46875,3.2700646
MDA-073,1149.0154,-2048.0,19.804468,0.0,128,128,127,128,128,127,128,128,127,5.46875,5.46875,3.27,5.46875,5.46875,3.27,5.46875,5.46875,3.27
MDA-074,938.7261,-2048.0,64.17348,0.0,128,128,259,128,128,259,128,128,259,4.296875,4.296875,4.25,4.296875,4.296875,4.25,4.296875,4.296875,4.25
MDA-076,1026.3734,-2048.0,16.721516,0.0,128,128,127,128,128,127,128,128,127,5.46875,5.46875,3.27,5.46875,5.46875,3.27,5.46875,5.46875,3.27
MDA-077,689.2384,-2048.0,20.859533,0.0,128,128,127,128,128,127,128,128,127,5.46875,5.46875,3.27,5.46875,5.46875,3.27,5.46875,5.46875,3.27
MDA-079,1364.2074,-2048.0,17.304234,0.0,128,128,127,128,128,127,128,128,127,5.46875,5.46875,3.27,5.46875,5.46875,3.27,5.46875,5.46875,3.27
MDA-080,796.54156,-2048.0,9.493548,0.0,128,128,127,128,128,127,128,128,127,5.46875,5.46875,3.27,5.46875,5.46875,3.27,5.46875,5.46875,3.27
MDA-082,856.96954,-2048.0,15.630332,0.0,128,128,127,128,128,127,128,128,127,5.46875,5.46875,3.27,5.46875,5.46875,3.27,5.46875,5.46875,3.27
MDA-083,1472.9199,-2048.0,18.323557,0.0,128,128,127,128,128,127,128,128,127,5.46875,5.46875,3.27,5.46875,5.46875,3.27,5.46875,5.46875,3.27
MDA-084,1926.5327,-2048.0,13.659399,0.0,128,128,127,128,128,127,128,128,127,5.46875,5.46875,3.27,5.46875,5.46875,3.27,5.46875,5.46875,3.27
MDA-085,896.0084,-2048.0,11.858526,0.0,128,128,127,128,128,127,128,128,127,5.46875,5.46875,3.27,5.46875,5.46875,3.27,5.46875,5.46875,3.27
MDA-086,1203.4281,-2048.0,44.083767,0.0,128,128,335,128,128,335,128,128,335,5.46875,5.46875,3.2701197,5.46875,5.46875,3.2701197,5.46875,5.46875,3.2701197
MDA-087,1272.6528,-2048.0,33.14507,0.0,128,128,311,128,128,311,128,128,311,5.46875,5.46875,3.2700646,5.46875,5.46875,3.2700646,5.46875,5.46875,3.2700646
MDA-088,942.11096,-2048.0,17.282839,0.0,128,128,127,128,128,127,128,128,127,5.46875,5.46875,3.27,5.46875,5.46875,3.27,5.46875,5.46875,3.27
MDA-089,803.16766,-2048.0,17.802406,0.0,128,128,127,128,128,127,128,128,127,5.46875,5.46875,3.27,5.46875,5.46875,3.27,5.46875,5.46875,3.27
MDA-090,822.969,-2048.0,18.551226,0.0,128,128,91,128,128,91,128,128,91,5.46875,5.46875,3.2702222,5.46875,5.46875,3.2702222,5.46875,5.46875,3.2702222
MDA-091,640.00586,-2048.0,14.252373,0.0,128,128,127,128,128,127,128,128,127,5.46875,5.46875,3.27,5.46875,5.46875,3.27,5.46875,5.46875,3.27
MDA-093,885.84265,-2048.0,25.17925,0.0,128,128,127,128,128,127,128,128,127,5.46875,5.46875,3.27,5.46875,5.46875,3.27,5.46875,5.46875,3.27
MDA-094,687.5161,-2048.0,17.782522,0.0,128,128,127,128,128,127,128,128,127,5.46875,5.46875,3.27,5.46875,5.46875,3.27,5.46875,5.46875,3.27
MDA-095,688.86426,-2048.0,15.825499,0.0,128,128,127,128,128,127,128,128,127,5.46875,5.46875,3.27,5.46875,5.46875,3.27,5.46875,5.46875,3.27
MDA-096,867.7079,-2048.0,20.080965,0.0,128,128,127,128,128,127,128,128,127,5.46875,5.46875,3.27,5.46875,5.46875,3.27,5.46875,5.46875,3.27
MDA-099,881.5525,-2048.0,14.644295,0.0,128,128,127,128,128,127,128,128,127,5.46875,5.46875,3.27,5.46875,5.46875,3.27,5.46875,5.46875,3.27
MDA-101,1305.8657,-2048.0,59.025402,0.0,128,128,287,128,128,287,128,128,287,5.46875,5.46875,3.27,5.46875,5.46875,3.27,5.46875,5.46875,3.27
MDA-103,1327.4751,-2048.0,63.785194,0.0,128,128,311,128,128,311,128,128,311,4.6875,4.6875,3.2700646,4.6875,4.6875,3.2700646,4.6875,4.6875,3.2700646
MDA-105,1000.31866,-2048.0,17.39926,0.0,192,192,119,192,192,119,192,192,119,3.6458333,3.6458333,3.27,3.6458333,3.6458333,3.27,3.6458333,3.6458333,3.27
MDA-107,1537.8038,-2048.0,15.154957,0.0,192,192,119,192,192,119,192,192,119,3.6458333,3.6458333,3.27,3.6458333,3.6458333,3.27,3.6458333,3.6458333,3.27
MDA-108,988.0964,-1024.0,75.16405,0.0,200,200,208,200,200,208,200,200,208,4.07283,4.07283,5.0,4.07283,4.07283,5.0,4.07283,4.07283,5.0
MDA-109,1091.8424,-2048.0,59.974285,0.0,128,128,335,128,128,335,128,128,335,5.46875,5.46875,3.2701197,5.46875,5.46875,3.2701197,5.46875,5.46875,3.2701197
MDA-110,1588.568,-2048.0,13.322445,0.0,256,256,134,256,256,134,256,256,134,2.734375,2.734375,2.8,2.734375,2.734375,2.8,2.734375,2.734375,2.8
MDA-111,1037.4363,-1024.0,64.25398,0.0,168,168,195,168,168,195,168,168,195,4.06271,4.06271,5.0,4.06271,4.06271,5.0,4.06271,4.06271,5.0
MDA-112,1693.8157,-2048.0,16.73136,0.0,256,256,119,256,256,119,256,256,119,2.734375,2.734375,3.27,2.734375,2.734375,3.27,2.734375,2.734375,3.27
MDA-113,1430.8539,-2048.0,13.926713,0.0,256,256,134,256,256,134,256,256,134,2.734375,2.734375,2.8,2.734375,2.734375,2.8,2.734375,2.734375,2.8
MDA-114,2643.4177,-2048.0,20.023283,0.0,192,192,119,192,192,119,192,192,119,3.6458333,3.6458333,3.27,3.6458333,3.6458333,3.27,3.6458333,3.6458333,3.27
MDA-115,767.72797,-2048.0,35.172844,0.0,128,128,127,128,128,127,128,128,127,5.46875,5.46875,3.27,5.46875,5.46875,3.27,5.46875,5.46875,3.27
MDA-116,1343.9246,-2048.0,15.082997,0.0,256,256,119,256,256,119,256,256,119,2.734375,2.734375,3.27,2.734375,2.734375,3.27,2.734375,2.734375,3.27
MDA-119,1639.3011,-2048.0,17.240137,0.0,256,256,134,256,256,134,256,256,134,2.734375,2.734375,2.8,2.734375,2.734375,2.8,2.734375,2.734375,2.8
MDA-121,2211.2488,-2048.0,13.92132,0.0,256,256,119,256,256,119,256,256,119,2.734375,2.734375,3.27,2.734375,2.734375,3.27,2.734375,2.734375,3.27
MDA-123,1348.7163,-2048.0,19.84618,0.0,128,128,267,128,128,267,128,128,267,5.46875,5.46875,3.27,5.46875,5.46875,3.27,5.46875,5.46875,3.27
MDA-124,1804.5621,-2048.0,17.196856,0.0,256,256,119,256,256,119,256,256,119,2.734375,2.734375,3.27,2.734375,2.734375,3.27,2.734375,2.734375,3.27
MDA-126,866.1643,-2048.0,18.122465,0.0,128,128,127,128,128,127,128,128,127,5.46875,5.46875,3.27,5.46875,5.46875,3.27,5.46875,5.46875,3.27
MDA-127,2718.5173,-1024.0,16.776163,0.0,256,256,174,256,256,174,256,256,174,3.1819,3.1819,2.0,3.1819,3.1819,2.0,3.1819,3.1819,2.0
MDA-129,1409.4714,-2048.0,11.688707,0.0,128,128,127,128,128,127,128,128,127,5.46875,5.46875,3.27,5.46875,5.46875,3.27,5.46875,5.46875,3.27
MDA-130,992.85895,-2048.0,34.078575,0.0,128,128,127,128,128,127,128,128,127,5.46875,5.46875,3.27,5.46875,5.46875,3.27,5.46875,5.46875,3.27
MDA-131,998.1407,-2048.0,13.145798,0.0,128,128,127,128,128,127,128,128,127,5.46875,5.46875,3.27,5.46875,5.46875,3.27,5.46875,5.46875,3.27
MDA-132,644.2018,-2048.0,12.641806,0.0,128,128,127,128,128,127,128,128,127,5.46875,5.46875,3.27,5.46875,5.46875,3.27,5.46875,5.46875,3.27
MDA-133,947.1074,-2048.0,12.540347,0.0,128,128,127,128,128,127,128,128,127,5.46875,5.46875,3.27,5.46875,5.46875,3.27,5.46875,5.46875,3.27
MDA-134,872.9736,-2048.0,14.12265,0.0,128,128,127,128,128,127,128,128,127,5.46875,5.46875,3.27,5.46875,5.46875,3.27,5.46875,5.46875,3.27
MDA-135,714.0702,-2048.0,15.150539,0.0,128,128,127,128,128,127,128,128,127,5.46875,5.46875,3.27,5.46875,5.46875,3.27,5.46875,5.46875,3.27
MDA-138,649.2262,-2048.0,12.937457,0.0,128,128,127,128,128,127,128,128,127,5.46875,5.46875,3.27,5.46875,5.46875,3.27,5.46875,5.46875,3.27
MDA-139,938.6495,-2048.0,43.136105,0.0,128,128,127,128,128,127,128,128,127,5.46875,5.46875,3.27,5.46875,5.46875,3.27,5.46875,5.46875,3.27
MDA-140,802.1439,-2048.0,25.989162,0.0,128,128,127,128,128,127,128,128,127,5.46875,5.46875,3.27,5.46875,5.46875,3.27,5.46875,5.46875,3.27
MDA-141,900.792,-2048.0,16.012257,0.0,128,128,127,128,128,127,128,128,127,5.46875,5.46875,3.27,5.46875,5.46875,3.27,5.46875,5.46875,3.27
MDA-142,1182.6208,-2048.0,14.883904,0.0,128,128,127,128,128,127,128,128,127,5.46875,5.46875,3.27,5.46875,5.46875,3.27,5.46875,5.46875,3.27
MDA-143,680.94104,-2048.0,17.03746,0.0,128,128,127,128,128,127,128,128,127,5.46875,5.46875,3.27,5.46875,5.46875,3.27,5.46875,5.46875,3.27
MDA-146,1139.3843,-2048.0,17.715862,0.0,128,128,87,128,128,87,128,128,87,5.46875,5.46875,3.27,5.46875,5.46875,3.27,5.46875,5.46875,3.27
MDA-147,833.9006,-2048.0,15.696204,0.0,128,128,127,128,128,127,128,128,127,5.46875,5.46875,3.27,5.46875,5.46875,3.27,5.46875,5.46875,3.27
MDA-148,912.4432,-2048.0,19.54276,0.0,128,128,127,128,128,127,128,128,127,5.46875,5.46875,3.27,5.46875,5.46875,3.27,5.46875,5.46875,3.27
MDA-149,1140.0178,-2048.0,12.416265,0.0,192,192,119,192,192,119,192,192,119,3.6458333,3.6458333,3.27,3.6458333,3.6458333,3.27,3.6458333,3.6458333,3.27
MDA-150,765.0484,-2048.0,15.472688,0.0,128,128,127,128,128,127,128,128,127,5.46875,5.46875,3.27,5.46875,5.46875,3.27,5.46875,5.46875,3.27
MDA-151,1265.3379,-2048.0,15.089895,0.0,128,128,127,128,128,127,128,128,127,5.46875,5.46875,3.27,5.46875,5.46875,3.27,5.46875,5.46875,3.27
MDA-152,970.96405,-2048.0,24.053669,0.0,128,128,127,128,128,127,128,128,127,5.46875,5.46875,3.27,5.46875,5.46875,3.27,5.46875,5.46875,3.27
MDA-153,844.5784,-2048.0,46.106102,0.0,128,128,287,128,128,287,128,128,287,5.46875,5.46875,3.27,5.46875,5.46875,3.27,5.46875,5.46875,3.27
MDA-154,804.48944,-2048.0,24.71676,0.0,128,128,127,128,128,127,128,128,127,5.46875,5.46875,3.27,5.46875,5.46875,3.27,5.46875,5.46875,3.27
MDA-155,746.7227,-2048.0,20.842863,0.0,128,128,127,128,128,127,128,128,127,5.46875,5.46875,3.27,5.46875,5.46875,3.27,5.46875,5.46875,3.27
MDA-156,860.7968,-2048.0,6.948071,0.0,128,128,127,128,128,127,128,128,127,5.46875,5.46875,3.27,5.46875,5.46875,3.27,5.46875,5.46875,3.27
MDA-159,741.1779,-2048.0,17.396666,0.0,128,128,127,128,128,127,128,128,127,5.46875,5.46875,3.27,5.46875,5.46875,3.27,5.46875,5.46875,3.27
MDA-160,838.6254,-2048.0,12.588825,0.0,128,128,127,128,128,127,128,128,127,5.46875,5.46875,3.27,5.46875,5.46875,3.27,5.46875,5.46875,3.27
MDA-161,3071.0,-2048.0,20.478367,0.0,128,128,299,128,128,299,128,128,299,5.46875,5.46875,3.2698658,5.46875,5.46875,3.2698658,5.46875,5.46875,3.2698658
MDA-162,844.0452,-2048.0,19.915613,0.0,128,128,87,128,128,87,128,128,87,5.46875,5.46875,3.2700002,5.46875,5.46875,3.2700002,5.46875,5.46875,3.2700002
MDA-163,1106.8699,-2048.0,83.70542,0.0,128,128,311,128,128,311,128,128,311,5.46875,5.46875,3.2700646,5.46875,5.46875,3.2700646,5.46875,5.46875,3.2700646
MDA-165,935.8152,-2048.0,19.21572,0.0,128,128,127,128,128,127,128,128,127,5.46875,5.46875,3.27,5.46875,5.46875,3.27,5.46875,5.46875,3.27
MDA-166,1045.9209,-2048.0,18.202833,0.0,128,128,91,128,128,91,128,128,91,5.46875,5.46875,3.2702222,5.46875,5.46875,3.2702222,5.46875,5.46875,3.2702222
MDA-167,961.4441,-2048.0,19.280216,0.0,128,128,91,128,128,91,128,128,91,5.46875,5.46875,3.2702222,5.46875,5.46875,3.2702222,5.46875,5.46875,3.2702222
MDA-169,1185.537,-2048.0,15.922708,0.0,128,128,91,128,128,91,128,128,91,5.46875,5.46875,3.2702222,5.46875,5.46875,3.2702222,5.46875,5.46875,3.2702222
MDA-170,880.5033,-2048.0,47.026123,0.0,128,128,311,128,128,311,128,128,311,5.46875,5.46875,3.2700646,5.46875,5.46875,3.2700646,5.46875,5.46875,3.2700646
MDA-171,804.4009,-2048.0,18.080256,0.0,128,128,91,128,128,91,128,128,91,5.46875,5.46875,3.2702222,5.46875,5.46875,3.2702222,5.46875,5.46875,3.2702222
MDA-172,1103.7117,-2048.0,22.242422,0.0,128,128,127,128,128,127,128,128,127,5.46875,5.46875,3.27,5.46875,5.46875,3.27,5.46875,5.46875,3.27
MDA-173,892.1712,-2048.0,18.948523,0.0,128,128,91,128,128,91,128,128,91,5.46875,5.46875,3.2702222,5.46875,5.46875,3.2702222,5.46875,5.46875,3.2702222
MDA-174,780.3084,-2048.0,12.501635,0.0,128,128,87,128,128,87,128,128,87,5.46875,5.46875,3.2700002,5.46875,5.46875,3.2700002,5.46875,5.46875,3.2700002
MDA-175,1015.50287,-2048.0,140.70004,0.0,128,128,311,128,128,311,128,128,311,5.46875,5.46875,3.2700644,5.46875,5.46875,3.2700644,5.46875,5.46875,3.2700644
MDA-177,1891.3783,-2048.0,14.266745,0.0,128,128,127,128,128,127,128,128,127,5.46875,5.46875,3.27,5.46875,5.46875,3.27,5.46875,5.46875,3.27
MDA-178,1105.1084,-2048.0,56.249813,0.0,128,128,247,128,128,247,128,128,247,5.46875,5.46875,3.2700002,5.46875,5.46875,3.2700002,5.46875,5.46875,3.2700002
MDA-179,910.1699,-2048.0,15.401839,0.0,128,128,127,128,128,127,128,128,127,5.46875,5.46875,3.27,5.46875,5.46875,3.27,5.46875,5.46875,3.27
MDA-180,825.7665,-2048.0,13.496209,0.0,128,128,127,128,128,127,128,128,127,5.46875,5.46875,3.27,5.46875,5.46875,3.27,5.46875,5.46875,3.27
MDA-181,1101.6648,-2048.0,17.667149,0.0,128,128,127,128,128,127,128,128,127,5.46875,5.46875,3.27,5.46875,5.46875,3.27,5.46875,5.46875,3.27
MDA-182,1582.7854,-2048.0,15.476222,0.0,128,128,91,128,128,91,128,128,91,5.46875,5.46875,3.2702222,5.46875,5.46875,3.2702222,5.46875,5.46875,3.2702222
MDA-183,901.53674,-2048.0,14.3492155,0.0,128,128,127,128,128,127,128,128,127,5.46875,5.46875,3.27,5.46875,5.46875,3.27,5.46875,5.46875,3.27
MDA-184,899.00696,-2048.0,23.508276,0.0,128,128,127,128,128,127,128,128,127,5.46875,5.46875,3.27,5.46875,5.46875,3.27,5.46875,5.46875,3.27
MDA-185,1084.2095,-2048.0,18.839697,0.0,128,128,127,128,128,127,128,128,127,5.46875,5.46875,3.27,5.46875,5.46875,3.27,5.46875,5.46875,3.27
MDA-186,771.3326,-2048.0,14.681146,0.0,128,128,127,128,128,127,128,128,127,5.46875,5.46875,3.27,5.46875,5.46875,3.27,5.46875,5.46875,3.27
MDA-188,1109.0851,-2048.0,50.172607,0.0,128,128,311,128,128,311,128,128,311,5.46875,5.46875,3.2700646,5.46875,5.46875,3.2700646,5.46875,5.46875,3.2700646
MDA-190,3071.0,-3024.0,43.75281,0.0,128,128,311,128,128,311,128,128,311,5.46875,5.46875,3.2700644,5.46875,5.46875,3.2700644,5.46875,5.46875,3.2700644
MDA-192,801.71326,-2048.0,9.918207,0.0,128,128,127,128,128,127,128,128,127,5.46875,5.46875,3.27,5.46875,5.46875,3.27,5.46875,5.46875,3.27
MDA-194,1258.2031,-2048.0,66.36789,0.0,128,128,287,128,128,287,128,128,287,5.46875,5.46875,3.27,5.46875,5.46875,3.27,5.46875,5.46875,3.27
MDA-196,686.12714,-2048.0,14.172182,0.0,128,128,127,128,128,127,128,128,127,5.46875,5.46875,3.27,5.46875,5.46875,3.27,5.46875,5.46875,3.27
MDA-197,952.79474,-2048.0,17.278263,0.0,128,128,127,128,128,127,128,128,127,5.46875,5.46875,3.27,5.46875,5.46875,3.27,5.46875,5.46875,3.27
MDA-198,885.266,-2048.0,16.720764,0.0,128,128,127,128,128,127,128,128,127,5.46875,5.46875,3.27,5.46875,5.46875,3.27,5.46875,5.46875,3.27
MDA-199,744.4605,-2048.0,17.423378,0.0,128,128,127,128,128,127,128,128,127,5.46875,5.46875,3.27,5.46875,5.46875,3.27,5.46875,5.46875,3.27
MDA-200,898.6158,-2048.0,75.28315,0.0,128,128,267,128,128,267,128,128,267,5.46875,5.46875,3.27,5.46875,5.46875,3.27,5.46875,5.46875,3.27
MDA-201,1244.2396,-2048.0,13.761185,0.0,128,128,127,128,128,127,128,128,127,5.46875,5.46875,3.27,5.46875,5.46875,3.27,5.46875,5.46875,3.27
CHUM-001,1232.23,-3024.0,19.47359,0.0,128,128,91,128,128,91,128,128,91,3.515625,3.515625,3.2702222,3.515625,3.515625,3.2702222,3.515625,3.515625,3.2702222
CHUM-013,881.02496,-1024.0,20.623814,0.0,128,128,263,128,128,263,128,128,263,5.46875,5.46875,3.2699237,5.46875,5.46875,3.2699237,5.46875,5.46875,3.2699237
CHUM-017,1240.208,-3024.0,19.160797,0.0,128,128,119,128,128,119,128,128,119,3.515625,3.515625,3.269661,3.515625,3.515625,3.269661,3.515625,3.515625,3.269661
CHUM-026,1235.7109,-1000.0,16.406158,0.0,128,128,119,128,128,119,128,128,119,3.515625,3.515625,3.269661,3.515625,3.515625,3.269661,3.515625,3.515625,3.269661
CHUM-039,914.51776,-1024.0,12.624901,0.0,144,144,87,144,144,87,144,144,87,4.0,4.0,3.9999998,4.0,4.0,3.9999998,4.0,4.0,3.9999998
CHUM-041,1054.4471,-1024.0,10.985853,0.0,144,144,87,144,144,87,144,144,87,4.0,4.0,3.9999998,4.0,4.0,3.9999998,4.0,4.0,3.9999998
CHUM-042,923.8975,-1024.0,117.342575,0.0,144,144,87,144,144,87,144,144,87,4.0,4.0,4.0,4.0,4.0,4.0,4.0,4.0,4.0
CHUM-053,608.7044,-1024.0,16.307217,0.0,144,144,87,144,144,87,144,144,87,4.0,4.0,4.0,4.0,4.0,4.0,4.0,4.0,4.0
CHUM-059,891.6189,-1024.0,11.543904,0.0,144,144,87,144,144,87,144,144,87,4.0,4.0,4.0,4.0,4.0,4.0,4.0,4.0,4.0
CHUM-060,1256.1188,-1024.0,15.127545,0.0,144,144,87,144,144,87,144,144,87,4.0,4.0,3.9999998,4.0,4.0,3.9999998,4.0,4.0,3.9999998
CHUM-064,842.1033,-1024.0,14.080267,0.0,144,144,87,144,144,87,144,144,87,4.0,4.0,4.0,4.0,4.0,4.0,4.0,4.0,4.0
CHUP-009,1215.8807,-1024.0,48.068436,0.0,200,200,481,200,200,481,200,200,481,4.07283,4.07283,2.027,4.07283,4.07283,2.027,4.07283,4.07283,2.027
CHUP-013,1303.0983,-1024.0,16.262712,0.0,200,200,419,200,200,419,200,200,419,4.07283,4.07283,2.027,4.07283,4.07283,2.027,4.07283,4.07283,2.027
CHUP-015,748.68823,-1024.0,98.54489,0.0,200,200,357,200,200,357,200,200,357,4.07283,4.07283,2.027,4.07283,4.07283,2.027,4.07283,4.07283,2.027
CHUP-026,1311.2234,-1024.0,75.040825,0.0,200,200,481,200,200,481,200,200,481,4.07283,4.07283,2.026996,4.07283,4.07283,2.026996,4.07283,4.07283,2.026996
CHUP-037,1261.7278,-1024.0,73.21054,0.0,200,200,481,200,200,481,200,200,481,4.07283,4.07283,2.027,4.07283,4.07283,2.027,4.07283,4.07283,2.027
CHUP-038,1476.3802,-1024.0,66.070946,0.0,200,200,419,200,200,419,200,200,419,4.07283,4.07283,2.027,4.07283,4.07283,2.027,4.07283,4.07283,2.027
CHUP-047,956.43414,-1024.0,16.840528,0.0,200,200,543,200,200,543,200,200,543,4.07283,4.07283,2.0269926,4.07283,4.07283,2.0269926,4.07283,4.07283,2.0269926
CHUP-049,3070.9565,-1024.0,75.21568,0.0,200,200,543,200,200,543,200,200,543,4.07283,4.07283,2.027,4.07283,4.07283,2.027,4.07283,4.07283,2.027
CHUP-051,1776.2578,-1024.0,92.71541,0.0,200,200,481,200,200,481,200,200,481,4.07283,4.07283,2.0270061,4.07283,4.07283,2.0270061,4.07283,4.07283,2.0270061
CHUP-052,1178.2633,-1024.0,66.18402,0.0,200,200,419,200,200,419,200,200,419,4.07283,4.07283,2.027,4.07283,4.07283,2.027,4.07283,4.07283,2.027
CHUP-062,1627.638,-1024.0,114.13687,0.0,200,200,481,200,200,481,200,200,481,4.07283,4.07283,2.027,4.07283,4.07283,2.027,4.07283,4.07283,2.027
CHUP-063,2853.287,-1024.0,31.411497,0.0,200,200,481,200,200,481,200,200,481,4.07283,4.07283,2.027,4.07283,4.07283,2.027,4.07283,4.07283,2.027
CHUP-064,1027.3894,-1024.0,224.78987,0.0,200,200,419,200,200,419,200,200,419,4.07283,4.07283,2.027,4.07283,4.07283,2.027,4.07283,4.07283,2.027
CHUP-074,1319.9585,-1024.0,21.598993,0.0,200,200,419,200,200,419,200,200,419,4.07283,4.07283,2.027,4.07283,4.07283,2.027,4.07283,4.07283,2.027
CHUP-075,3069.0,-1024.0,58.880543,0.0,200,200,419,200,200,419,200,200,419,4.07283,4.07283,2.027,4.07283,4.07283,2.027,4.07283,4.07283,2.027
CHUS-007,570.81616,-1024.0,130.08464,0.0,144,144,234,144,144,234,144,144,234,4.0,4.0,4.0,4.0,4.0,4.0,4.0,4.0,4.0
CHUS-008,841.1541,-1024.0,64.84266,0.0,144,144,234,144,144,234,144,144,234,4.0,4.0,4.0,4.0,4.0,4.0,4.0,4.0,4.0
CHUS-020,859.30585,-1024.0,14.944285,0.0,144,144,233,144,144,233,144,144,233,4.0,4.0,4.0,4.0,4.0,4.0,4.0,4.0,4.0
CHUS-022,819.3195,-1024.0,132.04453,0.0,144,144,255,144,144,255,144,144,255,4.0,4.0,4.0,4.0,4.0,4.0,4.0,4.0,4.0
CHUS-047,791.31366,-1024.0,12.674286,0.0,144,144,234,144,144,234,144,144,234,4.0,4.0,4.0,4.0,4.0,4.0,4.0,4.0,4.0
CHUS-050,795.70795,-1024.0,25.30515,0.0,144,144,255,144,144,255,144,144,255,4.0,4.0,4.0,4.0,4.0,4.0,4.0,4.0,4.0
CHUS-066,608.30444,-1024.0,15.4445,0.0,144,144,255,144,144,255,144,144,255,4.0,4.0,4.0,4.0,4.0,4.0,4.0,4.0,4.0
CHUS-067,629.9028,-1024.0,33.012054,0.0,144,144,234,144,144,234,144,144,234,4.0,4.0,4.0,4.0,4.0,4.0,4.0,4.0,4.0
CHUS-078,813.2143,-1024.0,11.293491,0.0,144,144,254,144,144,254,144,144,254,4.0,4.0,4.0,4.0,4.0,4.0,4.0,4.0,4.0
CHUS-080,638.0073,-1024.0,82.01232,0.0,144,144,234,144,144,234,144,144,234,4.0,4.0,4.0,4.0,4.0,4.0,4.0,4.0,4.0
CHUS-085,735.1765,-1024.0,24.609886,0.0,144,144,255,144,144,255,144,144,255,4.0,4.0,4.0,4.0,4.0,4.0,4.0,4.0,4.0
CHUS-089,705.7744,-1024.0,51.89603,0.0,144,144,254,144,144,254,144,144,254,4.0,4.0,4.0,4.0,4.0,4.0,4.0,4.0,4.0
CHUS-097,880.07965,-1024.0,137.1164,0.0,144,144,255,144,144,255,144,144,255,4.0,4.0,4.0,4.0,4.0,4.0,4.0,4.0,4.0
CHUS-098,924.92114,-1024.0,28.525036,0.0,144,144,255,144,144,255,144,144,255,4.0,4.0,4.0,4.0,4.0,4.0,4.0,4.0,4.0
CHUV-001,916.0177,-3024.0,12.786501,0.0,256,256,155,256,256,155,256,256,155,2.734375,2.734375,3.27,2.734375,2.734375,3.27,2.734375,2.734375,3.27
CHUV-011,1414.9736,-3024.0,29.913239,0.0,256,256,335,256,256,335,256,256,335,2.734375,2.734375,3.27,2.734375,2.734375,3.27,2.734375,2.734375,3.27
CHUV-026,3070.9014,-3024.0,17.628872,0.0,256,256,335,256,256,335,256,256,335,2.734375,2.734375,3.27,2.734375,2.734375,3.27,2.734375,2.734375,3.27
CHUV-030,1488.7533,-3024.0,22.359085,0.0,256,256,119,256,256,119,256,256,119,2.734375,2.734375,3.27,2.734375,2.734375,3.27,2.734375,2.734375,3.27
CHUV-031,1448.9795,-3024.0,43.455788,0.0,256,256,335,256,256,335,256,256,335,2.734375,2.734375,3.27,2.734375,2.734375,3.27,2.734375,2.734375,3.27
CHUV-033,1085.8977,-3024.0,14.480991,0.0,256,256,119,256,256,119,256,256,119,2.734375,2.734375,3.27,2.734375,2.734375,3.27,2.734375,2.734375,3.27
CHUV-034,2097.8235,-3024.0,114.53552,0.0,256,256,335,256,256,335,256,256,335,2.734375,2.734375,3.27,2.734375,2.734375,3.27,2.734375,2.734375,3.27
CHUV-037,1178.1838,-3024.0,28.756748,0.0,256,256,119,256,256,119,256,256,119,2.734375,2.734375,3.27,2.734375,2.734375,3.27,2.734375,2.734375,3.27
CHUV-041,2812.0383,-3024.0,16.30704,0.0,256,256,335,256,256,335,256,256,335,2.734375,2.734375,3.27,2.734375,2.734375,3.27,2.734375,2.734375,3.27
CHUV-042,1138.0011,-3024.0,11.676089,0.0,256,256,119,256,256,119,256,256,119,2.734375,2.734375,3.27,2.734375,2.734375,3.27,2.734375,2.734375,3.27
HGJ-035,1243.3744,-3024.0,19.89914,0.0,128,128,91,128,128,91,128,128,91,3.515625,3.515625,3.2702222,3.515625,3.515625,3.2702222,3.515625,3.515625,3.2702222
HGJ-039,1221.8259,-3024.0,72.590195,0.0,128,128,91,128,128,91,128,128,91,3.515625,3.515625,3.2702222,3.515625,3.515625,3.2702222,3.515625,3.515625,3.2702222
HGJ-048,913.9131,-3024.0,18.37513,0.0,128,128,91,128,128,91,128,128,91,3.515625,3.515625,3.2702222,3.515625,3.515625,3.2702222,3.515625,3.515625,3.2702222
HGJ-052,923.6153,-3024.0,19.942326,0.0,128,128,91,128,128,91,128,128,91,3.515625,3.515625,3.2702222,3.515625,3.515625,3.2702222,3.515625,3.515625,3.2702222
HGJ-066,2233.189,-3024.0,25.3725,0.0,128,128,91,128,128,91,128,128,91,3.515625,3.515625,3.2702222,3.515625,3.515625,3.2702222,3.515625,3.515625,3.2702222
HGJ-077,1058.7941,-3024.0,19.311884,0.0,128,128,91,128,128,91,128,128,91,3.515625,3.515625,3.2702222,3.515625,3.515625,3.2702222,3.515625,3.515625,3.2702222
HGJ-080,1187.4729,-3024.0,68.826195,0.0,128,128,91,128,128,91,128,128,91,3.515625,3.515625,3.2702222,3.515625,3.515625,3.2702222,3.515625,3.515625,3.2702222
HGJ-088,2393.4429,-3024.0,15.376596,0.0,128,128,91,128,128,91,128,128,91,3.515625,3.515625,3.2702222,3.515625,3.515625,3.2702222,3.515625,3.515625,3.2702222
HGJ-089,1306.181,-3024.0,40.161503,0.0,128,128,91,128,128,91,128,128,91,3.515625,3.515625,3.2702222,3.515625,3.515625,3.2702222,3.515625,3.515625,3.2702222
HGJ-091,1350.2441,-3024.0,28.46944,0.0,128,128,91,128,128,91,128,128,91,3.515625,3.515625,3.2702222,3.515625,3.515625,3.2702222,3.515625,3.515625,3.2702222
HGJ-092,1114.7722,-3024.0,45.32202,0.0,128,128,91,128,128,91,128,128,91,3.515625,3.515625,3.2702222,3.515625,3.515625,3.2702222,3.515625,3.515625,3.2702222
HMR-012,1059.1078,-3024.0,13.425083,0.0,128,128,263,128,128,263,128,128,263,5.46875,5.46875,3.2699237,5.46875,5.46875,3.2699237,5.46875,5.46875,3.2699237
HMR-025,854.3139,-3024.0,24.277071,0.0,128,128,83,128,128,83,128,128,83,3.515625,3.515625,3.269756,3.515625,3.515625,3.269756,3.515625,3.515625,3.269756
HMR-030,909.10095,-3024.0,8.323617,0.0,128,128,91,128,128,91,128,128,91,3.515625,3.515625,3.2702222,3.515625,3.515625,3.2702222,3.515625,3.515625,3.2702222
HMR-040,1122.9927,-3024.0,16.360788,0.0,128,128,91,128,128,91,128,128,91,3.515625,3.515625,3.2702222,3.515625,3.515625,3.2702222,3.515625,3.515625,3.2702222
MDA-003,889.388,-2048.0,35.580486,0.0,128,128,267,128,128,267,128,128,267,5.46875,5.46875,3.27,5.46875,5.46875,3.27,5.46875,5.46875,3.27
MDA-013,582.4032,-2048.0,17.477638,0.0,128,128,91,128,128,91,128,128,91,5.46875,5.46875,3.2702222,5.46875,5.46875,3.2702222,5.46875,5.46875,3.2702222
MDA-017,986.16095,-2048.0,14.794631,0.0,128,128,87,128,128,87,128,128,87,5.46875,5.46875,3.2700002,5.46875,5.46875,3.2700002,5.46875,5.46875,3.2700002
MDA-025,880.70105,-2048.0,16.22098,0.0,128,128,127,128,128,127,128,128,127,5.46875,5.46875,3.27,5.46875,5.46875,3.27,5.46875,5.46875,3.27
MDA-028,866.1709,-2048.0,16.929005,0.0,128,128,127,128,128,127,128,128,127,5.46875,5.46875,3.27,5.46875,5.46875,3.27,5.46875,5.46875,3.27
MDA-030,1171.4647,-2048.0,43.93286,0.0,128,128,267,128,128,267,128,128,267,5.46875,5.46875,3.27,5.46875,5.46875,3.27,5.46875,5.46875,3.27
MDA-045,1260.6635,-2048.0,30.569336,0.0,128,128,127,128,128,127,128,128,127,5.46875,5.46875,3.27,5.46875,5.46875,3.27,5.46875,5.46875,3.27
MDA-051,949.65247,-2048.0,15.660982,0.0,128,128,127,128,128,127,128,128,127,5.46875,5.46875,3.27,5.46875,5.46875,3.27,5.46875,5.46875,3.27
MDA-062,718.3721,-2048.0,19.991806,0.0,128,128,127,128,128,127,128,128,127,5.46875,5.46875,3.27,5.46875,5.46875,3.27,5.46875,5.46875,3.27
MDA-070,994.0013,-2048.0,20.59651,0.0,128,128,127,128,128,127,128,128,127,5.46875,5.46875,3.27,5.46875,5.46875,3.27,5.46875,5.46875,3.27
MDA-075,3071.0,-2048.0,35.95285,0.0,128,128,327,128,128,327,128,128,327,5.46875,5.46875,3.27,5.46875,5.46875,3.27,5.46875,5.46875,3.27
MDA-078,1220.4987,-2048.0,19.591473,0.0,128,128,127,128,128,127,128,128,127,5.46875,5.46875,3.27,5.46875,5.46875,3.27,5.46875,5.46875,3.27
MDA-081,855.6575,-2048.0,20.305986,0.0,128,128,127,128,128,127,128,128,127,5.46875,5.46875,3.27,5.46875,5.46875,3.27,5.46875,5.46875,3.27
MDA-092,1148.1261,-2048.0,77.63798,0.0,128,128,311,128,128,311,128,128,311,5.46875,5.46875,3.2700646,5.46875,5.46875,3.2700646,5.46875,5.46875,3.2700646
MDA-097,1024.8097,-2048.0,183.73871,0.0,128,128,311,128,128,311,128,128,311,4.6875,4.6875,3.2700644,4.6875,4.6875,3.2700644,4.6875,4.6875,3.2700644
MDA-098,967.12695,-2048.0,13.567024,0.0,128,128,127,128,128,127,128,128,127,5.46875,5.46875,3.27,5.46875,5.46875,3.27,5.46875,5.46875,3.27
MDA-100,597.4418,-2048.0,16.110014,0.0,128,128,127,128,128,127,128,128,127,5.46875,5.46875,3.27,5.46875,5.46875,3.27,5.46875,5.46875,3.27
MDA-102,1318.7682,-2048.0,28.53041,0.0,128,128,311,128,128,311,128,128,311,5.46875,5.46875,3.2700644,5.46875,5.46875,3.2700644,5.46875,5.46875,3.2700644
MDA-104,1156.1193,-2048.0,13.379541,0.0,192,192,119,192,192,119,192,192,119,3.6458333,3.6458333,3.27,3.6458333,3.6458333,3.27,3.6458333,3.6458333,3.27
MDA-106,1768.5466,-2048.0,18.139442,0.0,256,256,119,256,256,119,256,256,119,2.734375,2.734375,3.27,2.734375,2.734375,3.27,2.734375,2.734375,3.27
MDA-117,1310.6394,-1024.0,13.416987,0.0,192,192,335,192,192,335,192,192,335,3.6458333,3.6458333,3.2699995,3.6458333,3.6458333,3.2699995,3.6458333,3.6458333,3.2699995
MDA-118,1931.4973,-2048.0,13.27328,0.0,192,192,119,192,192,119,192,192,119,3.6458333,3.6458333,3.27,3.6458333,3.6458333,3.27,3.6458333,3.6458333,3.27
MDA-120,1267.7825,-2048.0,27.270151,0.0,192,192,407,192,192,407,192,192,407,3.6458333,3.6458333,3.27,3.6458333,3.6458333,3.27,3.6458333,3.6458333,3.27
MDA-122,1825.8325,-2048.0,91.26713,0.0,192,192,299,192,192,299,192,192,299,3.6458333,3.6458333,3.2600002,3.6458333,3.6458333,3.2600002,3.6458333,3.6458333,3.2600002
MDA-125,1958.1324,-1024.0,15.066308,0.0,256,256,174,256,256,174,256,256,174,3.1819,3.1819,2.0,3.1819,3.1819,2.0,3.1819,3.1819,2.0
MDA-128,1364.952,-1024.0,21.924591,0.0,256,256,174,256,256,174,256,256,174,3.1819,3.1819,2.0,3.1819,3.1819,2.0,3.1819,3.1819,2.0
MDA-136,791.91644,-2048.0,27.257204,0.0,128,128,127,128,128,127,128,128,127,5.46875,5.46875,3.27,5.46875,5.46875,3.27,5.46875,5.46875,3.27
MDA-137,724.23224,-2048.0,16.777334,0.0,128,128,127,128,128,127,128,128,127,5.46875,5.46875,3.27,5.46875,5.46875,3.27,5.46875,5.46875,3.27
MDA-144,1265.1796,-3024.0,43.86848,0.0,128,128,355,128,128,355,128,128,355,4.6875,4.6875,3.270113,4.6875,4.6875,3.270113,4.6875,4.6875,3.270113
MDA-145,437.91287,-2048.0,23.059301,0.0,128,128,87,128,128,87,128,128,87,5.46875,5.46875,3.27,5.46875,5.46875,3.27,5.46875,5.46875,3.27
MDA-157,1390.6226,-2048.0,128.93687,0.0,128,128,335,128,128,335,128,128,335,5.46875,5.46875,3.2701197,5.46875,5.46875,3.2701197,5.46875,5.46875,3.2701197
MDA-158,642.77905,-2048.0,18.181131,0.0,128,128,127,128,128,127,128,128,127,5.46875,5.46875,3.27,5.46875,5.46875,3.27,5.46875,5.46875,3.27
MDA-164,1221.4409,-2048.0,69.55693,0.0,128,128,227,128,128,227,128,128,227,4.296875,4.296875,4.25,4.296875,4.296875,4.25,4.296875,4.296875,4.25
MDA-168,860.5919,-2048.0,31.082617,0.0,128,128,91,128,128,91,128,128,91,5.46875,5.46875,3.2702222,5.46875,5.46875,3.2702222,5.46875,5.46875,3.2702222
MDA-176,1072.2194,-2048.0,23.296528,0.0,128,128,135,128,128,135,128,128,135,3.90625,3.90625,3.2702987,3.90625,3.90625,3.2702987,3.90625,3.90625,3.2702987
MDA-187,973.1439,-2048.0,9.140048,0.0,128,128,127,128,128,127,128,128,127,5.46875,5.46875,3.27,5.46875,5.46875,3.27,5.46875,5.46875,3.27
MDA-189,917.5605,-2048.0,18.849129,0.0,128,128,135,128,128,135,128,128,135,5.46875,5.46875,3.2702987,5.46875,5.46875,3.2702987,5.46875,5.46875,3.2702987
MDA-191,990.64746,-2048.0,13.646479,0.0,128,128,127,128,128,127,128,128,127,5.46875,5.46875,3.27,5.46875,5.46875,3.27,5.46875,5.46875,3.27
MDA-193,842.0475,-2048.0,25.711788,0.0,128,128,127,128,128,127,128,128,127,5.46875,5.46875,3.27,5.46875,5.46875,3.27,5.46875,5.46875,3.27
MDA-195,730.3297,-2048.0,17.487942,0.0,128,128,127,128,128,127,128,128,127,5.46875,5.46875,3.27,5.46875,5.46875,3.27,5.46875,5.46875,3.27
